rank,spanish,pos,zipf,band,note
0,de,n pr,7.81,first,
1,la,det n,7.56,first,
2,que,cnj prn,7.52,first,
3,el,det,7.45,first,
4,en,pr,7.45,first,
5,no,adv ij n,7.16,first,
6,por,ij pr,7.04,first,
7,con,pr,6.97,first,
8,para,n pr,6.92,first,
9,más,adv cnj det,6.63,first,
10,si,cnj,6.59,first,
11,pero,cnj n,6.57,first,
12,te,n,6.52,first,
13,mi,n,6.43,first,
14,le,prn,6.4,first,
15,este,det ij n,6.37,first,
16,sus,adj ij,6.37,first,check: commoner as a form of su
17,todo,det prn,6.35,first,
18,ya,adv cnj ij,6.33,first,
19,cuando,adv cnj,6.29,first,
20,yo,n prn,6.29,first,
21,ser,n vblex,6.27,first,
22,sin,pr,6.24,first,
23,sobre,n pr,6.19,first,
24,también,adv,6.19,first,
25,porque,cnj,6.14,first,
26,qué,adv det ij prn,6.13,first,
27,dos,n num,6.12,first,
28,bien,adj adv cnj n,6.11,first,
29,desde,pr,6.1,first,
30,hasta,adv pr,6.09,first,
31,hacer,n vblex,6.07,first,
32,ahora,adv cnj,6.05,first,
33,era,n,6.05,first,
34,vez,n,6.04,first,
35,nada,adv n prn,6.02,first,
36,ni,adv cnj n,6.02,first,
37,donde,adv cnj pr prn,6.01,first,
38,parte,n,6.0,first,
39,solo,adj adv,6.0,first,
40,algo,adv prn,5.99,first,
41,tiempo,n,5.97,first,
42,día,n,5.96,first,
43,mejor,adj adv,5.95,first,
44,mucho,adv det prn,5.95,first,
45,tan,adv det,5.95,first,
46,ver,vblex,5.95,first,
47,vida,n,5.95,first,
48,ese,det ij n,5.93,first,
49,mismo,adj adv,5.93,first,
50,siempre,adv,5.93,first,
51,cada,adv det,5.9,first,
52,después,adv,5.9,first,
53,gente,n,5.9,first,
54,estado,n,5.89,first,
55,mundo,n,5.89,first,
56,año,n,5.88,first,
57,otro,det ij prn,5.87,first,
58,gracias,ij n,5.86,first,
59,menos,adv cnj det n pr,5.84,first,
60,nunca,adv,5.84,first,
61,tanto,adv cnj det n prn,5.84,first,
62,poco,adv det n,5.82,first,
63,tener,vblex,5.81,first,
64,trabajo,n,5.81,first,
65,durante,pr,5.8,first,
66,lugar,n,5.8,first,
67,cómo,adv ij n,5.79,first,
68,hecho,adj n,5.79,first,
69,aunque,cnj,5.78,first,
70,contra,adv n pr,5.78,first,
71,cuenta,n,5.78,first,
72,decir,n vblex,5.78,first,
73,gobierno,n,5.78,first,
74,país,n,5.78,first,
75,casa,n,5.77,first,
76,forma,n,5.77,first,
77,he,adv ij n,5.77,first,
78,nuevo,adj,5.77,first,
79,él,prn,5.76,first,
80,aquí,adv,5.75,first,
81,ella,prn,5.75,first,
82,sí,adv ij n prn,5.75,first,
83,estar,vblex,5.74,first,
84,hoy,adv,5.74,first,
85,alguien,prn,5.73,first,
86,quien,prn,5.72,first,
87,tres,num,5.72,first,
88,caso,n,5.71,first,
89,momento,n,5.71,first,
90,bueno,adj ij,5.7,first,
91,ciudad,n,5.7,first,
92,nuestro,det prn,5.7,first,
93,luego,adv cnj,5.69,first,
94,nacional,adj n,5.69,first,
95,poder,n vblex,5.68,first,
96,pues,cnj,5.68,first,
97,verdad,ij n,5.68,first,
98,historia,n,5.67,first,
99,mientras,adv cnj,5.67,first,
100,nadie,n prn,5.67,first,
101,cual,adv prn,5.65,first,
102,entonces,adv,5.65,first,
103,ir,vblex,5.65,first,
104,tipo,adj adv n,5.65,first,
105,general,adj n,5.64,first,
106,mayor,n,5.64,first,
107,tal,adj prn,5.64,first,
108,mal,adv n,5.62,first,
109,según,pr,5.62,first,
110,acuerdo,n,5.61,first,
111,dios,n,5.61,first,
112,manera,n,5.61,first,
113,nombre,ij n,5.61,first,
114,ley,n,5.6,first,
115,medio,adj adv n,5.6,first,
116,partido,adj n,5.6,first,
117,bajo,adj adv n pr,5.59,first,
118,hacia,pr,5.59,first,
119,sino,cnj n,5.59,first,
120,grupo,n,5.58,first,
121,haber,n vblex,5.58,first,
122,hombre,ij n,5.58,first,
123,mujer,n,5.57,first,
124,persona,n vblex,5.56,first,
125,sistema,n,5.56,first,
126,casi,adv,5.55,first,
127,fin,n,5.55,first,
128,noche,adv n,5.55,first,
129,nosotros,prn,5.55,first,
130,pasado,adj n,5.55,first,
131,presidente,n,5.55,first,
132,ahí,adv,5.53,first,
133,cosa,n,5.53,first,
134,familia,n,5.53,first,
135,lado,n,5.53,first,
136,aún,adv,5.52,first,
137,pueblo,n,5.51,first,
138,final,adj n,5.5,first,
139,política,n,5.5,first,
140,problema,n,5.5,first,
141,punto,ij n,5.5,first,
142,agua,n,5.49,first,
143,equipo,n,5.49,first,
144,guerra,n,5.49,first,
145,saber,n vblex,5.49,first,
146,van,n,5.49,first,
147,ante,n pr,5.48,first,
148,dar,vblex,5.48,first,
149,embargo,n,5.48,first,
150,favor,n,5.48,first,
151,importante,adj,5.48,first,
152,información,n,5.48,first,
153,mañana,adv n,5.48,first,
154,pasa,n,5.48,first,
155,semana,n,5.48,first,
156,claro,adj adv ij n,5.47,first,
157,dinero,n,5.47,first,
158,san,n,5.47,first,
159,social,adj,5.47,first,
160,ejemplo,n,5.46,first,
161,igual,adj adv n,5.46,first,
162,número,n,5.46,first,
163,hablar,vblex,5.45,first,
164,hora,n,5.45,first,
165,madre,n,5.45,first,
166,señor,adj n,5.45,first,
167,centro,n,5.44,first,
168,derecho,adj adv n,5.44,first,
169,falta,n,5.44,first,
170,cambio,ij n,5.43,first,
171,idea,n,5.43,first,
172,mierda,ij n prn,5.43,first,
173,muerte,n,5.43,first,
174,tarde,adj adv n,5.43,first,
175,tras,pr,5.43,first,
176,través,n,5.43,first,
177,tú,ij prn,5.43,first,
178,realidad,n,5.42,first,
179,amor,n,5.41,first,
180,dicho,adj det n,5.41,first,check: commoner as a form of decir
181,frente,n,5.41,first,
182,incluso,adj adv,5.41,first,
183,primero,adj adv n,5.41,first,
184,real,adj ij n,5.41,first,
185,cuatro,n num,5.4,first,
186,desarrollo,n,5.4,first,
187,hijo,n,5.4,first,
188,sociedad,n,5.4,first,
189,tema,n,5.4,first,
190,mí,prn,5.39,first,
191,nivel,n,5.39,first,
192,seguro,adj adv n,5.39,first,
193,juego,n,5.38,first,
194,llegar,vblex,5.38,first,
195,mano,n,5.38,first,
196,paso,adj n,5.38,first,
197,posible,adj,5.38,first,
198,proyecto,n,5.38,first,
199,uso,n,5.38,first,
200,artículo,n,5.37,first,
201,cerca,adv n,5.37,first,
202,cierto,adj det,5.37,first,
203,grande,adj n,5.37,first,
204,quién,prn,5.37,first,
205,razón,n,5.37,first,
206,todavía,adv,5.37,first,
207,amigo,ij n,5.36,first,
208,mayoría,n,5.36,first,
209,padre,adj n,5.36,first,
210,salir,vblex,5.36,first,
211,seguridad,n,5.36,first,
212,tierra,n,5.36,first,
213,único,adj,5.36,first,
214,cuerpo,n,5.35,first,
215,programa,n,5.35,first,
216,segundo,adj n,5.35,first,
217,universidad,n,5.35,first,
218,último,adj,5.35,first,
219,cabeza,n,5.34,first,
220,foto,n,5.34,first,
221,internacional,adj,5.34,first,
222,mil,n num,5.34,first,
223,pasar,vblex,5.34,first,
224,público,adj n,5.34,first,
225,seguir,vblex,5.34,first,
226,servicio,n,5.34,first,
227,situación,n,5.34,first,
228,ayuda,n,5.33,first,
229,libro,n,5.33,first,
230,siguiente,adj,5.33,first,
231,dejar,vblex,5.32,first,
232,educación,n,5.32,first,
233,proceso,n,5.32,first,
234,sentido,adj n,5.32,first,
235,cinco,n num,5.31,first,
236,clase,n,5.31,first,
237,cuanto,adv det n prn,5.31,first,
238,ello,n prn,5.31,first,
239,mes,n,5.31,first,
240,usted,prn,5.31,first,
241,largo,adj ij n,5.3,first,
242,orden,n,5.3,first,
243,puesto,adj n,5.3,first,
244,realmente,adv,5.3,first,
245,alto,adj adv ij n,5.29,first,
246,demás,adj adv prn,5.29,first,
247,español,adj n,5.29,first,
248,junto,adj adv pr,5.29,first,
249,lista,n,5.29,first,
250,personal,adj n,5.29,first,
251,total,adj adv n,5.29,first,
252,trata,n,5.29,first,
253,video,n,5.29,first,
254,web,n,5.29,first,
255,base,n,5.28,first,
256,camino,n,5.28,first,
257,empresa,n,5.28,first,
258,especial,adj n,5.28,first,
259,hola,ij,5.28,first,
260,paz,n,5.28,first,
261,policía,n,5.28,first,
262,queda,n,5.28,first,
263,salud,ij n,5.28,first,
264,sitio,n,5.28,first,
265,tomar,vblex,5.28,first,
266,zona,n,5.28,first,
267,calle,n,5.27,first,
268,cara,n,5.27,first,
269,línea,n,5.27,first,
270,mundial,adj n,5.27,first,
271,obra,n,5.27,first,
272,pensar,vblex,5.27,first,
273,allí,adv,5.26,first,
274,atención,n,5.26,first,
275,escuela,n,5.26,first,
276,julio,n,5.26,first,
277,respecto,n,5.26,first,
278,ve,n,5.26,first,"check: commoner as a form of ir, ver"
279,vivir,n vblex,5.26,first,
280,capital,adj n,5.25,first,
281,libre,adj,5.25,first,
282,luz,n,5.25,first,
283,población,n,5.25,first,
284,relación,n,5.25,first,
285,suerte,ij n,5.25,first,
286,bastante,adj adv,5.24,first,
287,cultura,n,5.24,first,
288,difícil,adj,5.24,first,
289,fuerte,adj adv n,5.24,first,
290,fácil,adj adv,5.24,first,
291,habla,n,5.24,first,
292,miedo,n,5.24,first,
293,música,n,5.24,first,
294,poner,vblex,5.24,first,
295,pregunta,n,5.24,first,
296,rey,n,5.24,first,
297,vos,prn,5.24,first,
298,apoyo,n,5.23,first,
299,dado,n pr,5.23,first,
300,demasiado,adj adv,5.23,core,
301,fuerza,n,5.23,core,
302,mayo,n,5.23,core,
303,oficial,adj n,5.23,core,
304,propio,adj,5.23,core,
305,chile,n,5.22,core,
306,control,n,5.22,core,
307,encontrar,vblex,5.22,core,
308,inglés,adj n,5.22,core,
309,marzo,n,5.22,core,
310,serie,n,5.22,core,
311,sur,n,5.22,core,
312,trabajar,vblex,5.22,core,
313,edad,n,5.21,core,
314,futuro,adj n,5.21,core,
315,justicia,n,5.21,core,
316,libertad,n,5.21,core,
317,pesar,n vblex,5.21,core,
318,tampoco,adv,5.21,core,
319,allá,adv,5.2,core,
320,cantidad,adv n,5.2,core,
321,corazón,n,5.2,core,
322,diciembre,n,5.2,core,
323,imagen,n,5.2,core,
324,norte,adj n,5.2,core,
325,octubre,n,5.2,core,
326,político,adj n,5.2,core,
327,principal,adj n,5.2,core,
328,vista,n,5.2,core,
329,volver,vblex,5.2,core,
330,voz,n,5.2,core,
331,actual,adj n,5.19,core,
332,ambos,adj prn,5.19,core,
333,estudio,n,5.19,core,
334,media,n,5.19,core,check: commoner as a form of medio
335,mira,ij n,5.19,core,
336,modo,n,5.19,core,
337,palabra,n,5.19,core,
338,abril,n,5.18,core,
339,campo,n,5.18,core,
340,internet,n,5.18,core,
341,joven,adj n,5.18,core,
342,plan,n,5.18,core,
343,región,n,5.18,core,
344,comunidad,n,5.17,core,
345,dirección,n,5.17,core,
346,investigación,n,5.17,core,
347,junio,n,5.17,core,
348,partir,vblex,5.17,core,
349,película,n,5.17,core,
350,república,n,5.17,core,
351,resto,n,5.17,core,
352,vuelta,n,5.17,core,
353,consejo,n,5.16,core,
354,dan,n,5.16,core,check: commoner as a form of dar
355,dónde,adv n,5.16,core,
356,llamado,adj n,5.16,core,
357,mercado,n,5.16,core,
358,movimiento,n,5.16,core,
359,noviembre,n,5.16,core,
360,papel,n,5.16,core,
361,precio,n,5.16,core,
362,respuesta,n,5.16,core,
363,seis,num,5.16,core,
364,simplemente,adv,5.16,core,
365,agosto,n,5.15,core,
366,aun,adv,5.15,core,
367,cargo,n,5.15,core,
368,comida,n,5.15,core,
369,enero,n,5.15,core,
370,experiencia,n,5.15,core,
371,jefe,n,5.15,core,
372,leer,vblex,5.15,core,
373,llama,n,5.15,core,
374,llevar,vblex,5.15,core,
375,pena,n,5.15,core,
376,producción,n,5.15,core,
377,siglo,n,5.15,core,
378,cabo,n,5.14,core,
379,común,adj n,5.14,core,
380,economía,n,5.14,core,
381,espacio,n,5.14,core,
382,febrero,n,5.14,core,
383,opinión,n,5.14,core,
384,oportunidad,n,5.14,core,
385,organización,n,5.14,core,
386,página,n,5.14,core,
387,santa,n,5.14,core,
388,vale,ij n,5.14,core,
389,acción,ij n,5.13,core,
390,arte,n,5.13,core,
391,conocer,vblex,5.13,core,
392,plaza,n,5.13,core,
393,septiembre,n,5.13,core,
394,usar,vblex,5.13,core,
395,valor,n,5.13,core,
396,vivo,adj,5.13,core,
397,calidad,n,5.12,core,
398,causa,n,5.12,core,
399,central,adj n,5.12,core,
400,director,n,5.12,core,
401,duda,n,5.12,core,
402,fecha,n,5.12,core,
403,feliz,adj,5.12,core,
404,iglesia,n,5.12,core,
405,necesario,adj,5.12,core,
406,pronto,adj adv,5.12,core,
407,resultado,n,5.12,core,
408,alta,n,5.11,core,
409,cambiar,vblex,5.11,core,
410,civil,adj,5.11,core,
411,hermano,n,5.11,core,
412,local,adj n,5.11,core,
413,mar,n,5.11,core,
414,viaje,n,5.11,core,
415,acá,adj adv,5.1,core,
416,alrededor,adv n,5.1,core,
417,campaña,n,5.1,core,
418,carrera,n,5.1,core,
419,ejército,n,5.1,core,
420,interés,n,5.1,core,
421,mensaje,n,5.1,core,
422,negro,adj n,5.1,core,
423,niño,n,5.1,core,
424,objetivo,adj n,5.1,core,
425,popular,adj n,5.1,core,
426,principio,n,5.1,core,
427,provincia,n,5.1,core,
428,red,n,5.1,core,
429,río,n,5.1,core,
430,ah,ij,5.09,core,
431,ayer,adv n,5.09,core,
432,blanco,adj n,5.09,core,
433,comer,n vblex,5.09,core,
434,compañía,n,5.09,core,
435,especialmente,adv,5.09,core,
436,ganar,vblex,5.09,core,
437,interior,adj n,5.09,core,
438,lucha,n,5.09,core,
439,mediante,pr,5.09,core,
440,nota,n,5.09,core,
441,pequeño,adj,5.09,core,
442,prueba,n,5.09,core,
443,sol,n,5.09,core,
444,vaya,ij n,5.09,core,check: commoner as a form of ir
445,anterior,adj,5.08,core,
446,buscar,vblex,5.08,core,
447,justo,adj adv,5.08,core,
448,medida,n,5.08,core,
449,éxito,n,5.08,core,
450,aire,ij n,5.07,core,
451,autor,n,5.07,core,
452,baja,n,5.07,core,check: commoner as a form of bajo
453,diferencia,n,5.07,core,
454,dije,adj n,5.07,core,check: commoner as a form of decir
455,entrar,vblex,5.07,core,
456,estilo,n,5.07,core,
457,ex,adj n,5.07,core,
458,lejos,adv,5.07,core,
459,luis,n,5.07,core,
460,mala,n,5.07,core,
461,maría,n,5.07,core,
462,militar,adj n vblex,5.07,core,
463,muestra,n,5.07,core,
464,oro,adj n,5.07,core,
465,par,adj n,5.07,core,
466,plata,adj n,5.07,core,
467,puerta,n,5.07,core,
468,ayudar,vblex,5.06,core,
469,canción,n,5.06,core,
470,color,n,5.06,core,
471,contigo,adv,5.06,core,
472,defensa,n,5.06,core,
473,fondo,n,5.06,core,
474,fútbol,n,5.06,core,
475,hija,n,5.06,core,
476,menor,n,5.06,core,
477,ministerio,n,5.06,core,
478,puerto,n,5.06,core,
479,recuerdo,n,5.06,core,
480,acceso,n,5.05,core,
481,busca,n,5.05,core,
482,comunicación,n,5.05,core,
483,congreso,n,5.05,core,
484,espera,n,5.05,core,
485,evitar,vblex,5.05,core,
486,finalmente,adv,5.05,core,
487,fuente,n,5.05,core,
488,jugar,vblex,5.05,core,
489,ministro,n,5.05,core,
490,puta,ij n,5.05,core,
491,siquiera,adv cnj,5.05,core,
492,época,n,5.05,core,
493,actividad,n,5.04,core,
494,banco,n,5.04,core,
495,conocido,adj n,5.04,core,
496,conseguir,vblex,5.04,core,
497,construcción,n,5.04,core,
498,corte,n,5.04,core,
499,cualquiera,det n prn,5.04,core,
500,departamento,n,5.04,core,
501,diez,n num,5.04,core,
502,mitad,n,5.04,core,
503,oficina,n,5.04,core,
504,presente,adj n,5.04,core,
505,sector,n,5.04,core,
506,serio,adj,5.04,core,
507,superior,adj n,5.04,core,
508,supuesto,adj n,5.04,core,
509,boca,n,5.03,core,
510,capacidad,n,5.03,core,
511,comprar,vblex,5.03,core,
512,crear,vblex,5.03,core,
513,diferente,adj adv,5.03,core,
514,energía,n,5.03,core,
515,esperar,vblex,5.03,core,
516,malo,adj n,5.03,core,
517,mantener,vblex,5.03,core,
518,modelo,n,5.03,core,
519,natural,adj n,5.03,core,
520,necesidad,n,5.03,core,
521,radio,n,5.03,core,
522,viejo,adj n,5.03,core,
523,administración,n,5.02,core,
524,comisión,n,5.02,core,
525,conmigo,adv,5.02,core,
526,costa,n,5.02,core,
527,crisis,n,5.02,core,
528,culpa,n,5.02,core,
529,cámara,n,5.02,core,
530,diario,adj n,5.02,core,
531,domingo,n,5.02,core,
532,empezar,vblex,5.02,core,
533,entender,n vblex,5.02,core,
534,fuego,ij n,5.02,core,
535,perder,vblex,5.02,core,
536,posición,n,5.02,core,
537,suficiente,adj,5.02,core,
538,título,n,5.02,core,
539,actualmente,adv,5.01,core,
540,creer,vblex,5.01,core,
541,llamada,n,5.01,core,
542,mamá,n,5.01,core,
543,participación,n,5.01,core,
544,sangre,n,5.01,core,
545,toma,n,5.01,core,
546,violencia,n,5.01,core,
547,auto,n,5.0,core,
548,brasil,n,5.0,core,
549,carta,n,5.0,core,
550,china,n,5.0,core,
551,cuál,det prn,5.0,core,
552,probablemente,adv,5.0,core,
553,rápido,adj adv n,5.0,core,
554,solamente,adv,5.0,core,
555,área,n,5.0,core,
556,banda,n,4.99,core,
557,colegio,n,4.99,core,
558,contenido,n,4.99,core,
559,decisión,n,4.99,core,
560,encuentro,n,4.99,core,
561,entrada,n,4.99,core,
562,fiesta,n,4.99,core,
563,imposible,adj,4.99,core,
564,pagar,vblex,4.99,core,
565,televisión,n,4.99,core,
566,unión,n,4.99,core,
567,vía,n pr,4.99,core,
568,atrás,adv ij,4.98,core,
569,capaz,adj adv,4.98,core,
570,club,n,4.98,core,
571,error,n,4.98,core,
572,gusto,n,4.98,core,
573,normal,adj n,4.98,core,
574,sexo,n,4.98,core,
575,siete,n num,4.98,core,
576,texto,n,4.98,core,
577,análisis,n,4.97,core,
578,constitución,n,4.97,core,
579,contrario,adj,4.97,core,
580,código,n,4.97,core,
581,dolor,n,4.97,core,
582,efecto,n,4.97,core,
583,isla,n,4.97,core,
584,izquierda,n,4.97,core,
585,mente,n,4.97,core,
586,odio,n,4.97,core,
587,pienso,n,4.97,core,
588,post,n,4.97,core,
589,presencia,n,4.97,core,
590,profesor,n,4.97,core,
591,respeto,n,4.97,core,
592,ropa,n,4.97,core,
593,totalmente,adv,4.97,core,
594,versión,n,4.97,core,
595,cielo,n,4.96,core,
596,cine,n,4.96,core,
597,cuestión,n,4.96,core,
598,escribir,vblex,4.96,core,
599,formación,n,4.96,core,
600,importancia,n,4.96,core,
601,industria,n,4.96,core,
602,instituto,n,4.96,core,
603,loco,adj n,4.96,core,
604,origen,n,4.96,core,
605,premio,n,4.96,core,
606,re,adv n,4.96,core,
607,rico,adj,4.96,core,
608,simple,adj n,4.96,core,
609,unidad,n,4.96,core,
610,vino,n,4.96,core,
611,canal,n,4.95,core,
612,cultural,adj,4.95,core,
613,derecha,n,4.95,core,check: commoner as a form of derecho
614,escrito,adj n,4.95,core,
615,interesante,adj,4.95,core,
616,jamás,adv,4.95,core,
617,juicio,n,4.95,core,
618,noticia,n,4.95,core,
619,original,adj,4.95,core,
620,peso,n,4.95,core,
621,pobre,adj,4.95,core,
622,prensa,n,4.95,core,
623,propiedad,n,4.95,core,
624,revolución,n,4.95,core,
625,victoria,n,4.95,core,
626,éste,prn,4.95,core,
627,alma,n,4.94,core,
628,asunto,n,4.94,core,
629,completamente,adv,4.94,core,
630,conocimiento,n,4.94,core,
631,hospital,n,4.94,core,
632,humano,adj n,4.94,core,
633,marcha,n,4.94,core,
634,pie,n,4.94,core,
635,tecnología,n,4.94,core,
636,verano,n,4.94,core,
637,aprender,vblex,4.93,core,
638,conjunto,adj n,4.93,core,
639,cuarto,adj n,4.93,core,
640,curso,n,4.93,core,
641,democracia,n,4.93,core,
642,don,n,4.93,core,
643,fe,n,4.93,core,
644,género,n,4.93,core,
645,muerto,adj n,4.93,core,
646,nación,n,4.93,core,
647,negocio,n,4.93,core,
648,ocho,n num,4.93,core,
649,particular,adj n,4.93,core,
650,posibilidad,n,4.93,core,
651,profesional,adj n,4.93,core,
652,régimen,n,4.93,core,
653,suelo,n,4.93,core,
654,visita,n,4.93,core,
655,ambiente,n,4.92,core,
656,ataque,n,4.92,core,
657,cuba,n,4.92,core,
658,económico,adj,4.92,core,
659,edificio,n,4.92,core,
660,federal,adj n,4.92,core,
661,lengua,n,4.92,core,
662,mesa,n,4.92,core,
663,naturaleza,n,4.92,core,
664,pago,n,4.92,core,
665,protección,n,4.92,core,
666,sala,n,4.92,core,
667,señora,n,4.92,core,check: commoner as a form of señor
668,sueño,n,4.92,core,
669,teléfono,n,4.92,core,
670,transporte,n,4.92,core,
671,acto,n,4.91,core,
672,asociación,n,4.91,core,
673,completo,adj n,4.91,core,
674,cuidado,adj ij n,4.91,core,
675,deseo,n,4.91,core,
676,detrás,adv pr,4.91,core,
677,directamente,adv,4.91,core,
678,doctor,n,4.91,core,
679,edición,n,4.91,core,
680,escuchar,vblex,4.91,core,
681,informe,adj n,4.91,core,
682,material,adj n,4.91,core,
683,pareja,n,4.91,core,
684,perfecto,adj,4.91,core,
685,venta,n,4.91,core,
686,confianza,n,4.9,core,
687,creación,n,4.9,core,
688,destino,n,4.9,core,
689,especie,n,4.9,core,
690,esposa,n,4.9,core,
691,hambre,n,4.9,core,
692,legal,adj,4.9,core,
693,obtener,vblex,4.9,core,
694,pedir,vblex,4.9,core,
695,perro,adj n,4.9,core,
696,propuesta,n,4.9,core,
697,responsabilidad,n,4.9,core,
698,reunión,n,4.9,core,
699,revista,n,4.9,core,
700,solución,n,4.9,core,
701,territorio,n,4.9,core,
702,to,ij,4.9,core,
703,viernes,n,4.9,core,
704,aplicación,n,4.89,core,
705,aumento,n,4.89,core,
706,cama,n,4.89,core,
707,ciencia,n,4.89,core,
708,distancia,n,4.89,core,
709,doble,adj n,4.89,core,
710,marca,n,4.89,core,
711,memoria,n,4.89,core,
712,motivo,n,4.89,core,
713,opción,n,4.89,core,
714,pase,n,4.89,core,check: commoner as a form of pasar
715,práctica,n,4.89,core,
716,realizar,vblex,4.89,core,
717,referencia,n,4.89,core,
718,reforma,n,4.89,core,
719,reino,n,4.89,core,
720,riesgo,n,4.89,core,
721,sacar,vblex,4.89,core,
722,sentir,n vblex,4.89,core,
723,silencio,n,4.89,core,
724,temporada,n,4.89,core,
725,terminar,vblex,4.89,core,
726,comercio,n,4.88,core,
727,daño,n,4.88,core,
728,esfuerzo,n,4.88,core,
729,gratis,adj adv,4.88,core,
730,miembro,n,4.88,core,
731,médico,adj n,4.88,core,
732,producto,n,4.88,core,
733,próximo,adj,4.88,core,
734,salida,n,4.88,core,
735,selección,n,4.88,core,
736,contacto,n,4.87,core,
737,contar,vblex,4.87,core,
738,crecimiento,n,4.87,core,
739,excelente,adj,4.87,core,
740,función,n,4.87,core,
741,independencia,n,4.87,core,
742,plazo,n,4.87,core,
743,santo,adj n,4.87,core,
744,tv,n,4.87,core,
745,término,n,4.87,core,
746,verdadero,adj n,4.87,core,
747,verde,adj n,4.87,core,
748,voto,n,4.87,core,
749,corrupción,n,4.86,core,
750,cruz,n,4.86,core,
751,dormir,vblex,4.86,core,
752,esperanza,n,4.86,core,
753,fiscal,adj n,4.86,core,
754,hermana,n,4.86,core,
755,ido,adj n,4.86,core,check: commoner as a form of ir
756,líder,n,4.86,core,
757,rato,n,4.86,core,
758,tratar,vblex,4.86,core,
759,tribunal,n,4.86,core,
760,usuario,n,4.86,core,
761,amo,n,4.85,core,
762,barrio,n,4.85,core,
763,chico,adj n,4.85,core,
764,ciento,n num,4.85,core,
765,comercial,adj n,4.85,core,
766,copa,n,4.85,core,
767,elección,n,4.85,core,
768,exterior,adj n,4.85,core,
769,honor,n,4.85,core,
770,llamar,vblex,4.85,core,
771,mejorar,vblex,4.85,core,
772,miguel,prn,4.85,core,
773,morir,vblex,4.85,core,
774,parque,n,4.85,core,
775,triste,adj,4.85,core,
776,alguno,det prn,4.84,core,
777,contrato,n,4.84,core,
778,debate,n,4.84,core,
779,diseño,n,4.84,core,
780,electoral,adj,4.84,core,
781,hogar,n,4.84,core,
782,mando,n,4.84,core,
783,niña,n,4.84,core,
784,recibir,vblex,4.84,core,
785,rojo,adj n,4.84,core,
786,similar,adj,4.84,core,
787,argentino,adj n,4.83,core,
788,azul,adj n,4.83,core,
789,carne,n,4.83,core,
790,cumplir,vblex,4.83,core,
791,discurso,n,4.83,core,
792,entrevista,n,4.83,core,
793,estudiar,vblex,4.83,core,
794,expresión,n,4.83,core,
795,extraño,adj n,4.83,core,
796,increíble,adj,4.83,core,
797,inicio,n,4.83,core,
798,juez,n,4.83,core,
799,maestro,adj n,4.83,core,
800,marco,n,4.83,common,
801,materia,n,4.83,common,
802,ninguno,det prn,4.83,common,
803,oposición,n,4.83,common,
804,registro,n,4.83,common,
805,teatro,n,4.83,common,
806,asamblea,n,4.82,common,
807,caja,n,4.82,common,
808,empleo,n,4.82,common,
809,enfermedad,n,4.82,common,
810,escena,n,4.82,common,
811,estructura,n,4.82,common,
812,golpe,n,4.82,common,
813,grado,n,4.82,common,
814,lleno,adj,4.82,common,
815,matrimonio,n,4.82,common,
816,misión,n,4.82,common,
817,pan,n,4.82,common,
818,parecer,n vblex,4.82,common,
819,participar,vblex,4.82,common,
820,peligro,n,4.82,common,
821,pelo,n,4.82,common,
822,presión,n,4.82,common,
823,sección,n,4.82,common,
824,tercera,n,4.82,common,
825,venir,vblex,4.82,common,
826,batalla,n,4.81,common,
827,café,adj n,4.81,common,
828,carácter,n,4.81,common,
829,duro,adj n,4.81,common,
830,eh,ij,4.81,common,
831,estación,n,4.81,common,
832,evento,n,4.81,common,
833,francés,adj n,4.81,common,
834,gana,n,4.81,common,
835,independiente,adj,4.81,common,
836,intento,n,4.81,common,
837,japón,adj,4.81,common,
838,lunes,n,4.81,common,
839,operación,n,4.81,common,
840,papa,n,4.81,common,
841,perdón,ij n,4.81,common,
842,planta,n,4.81,common,
843,teoría,n,4.81,common,
844,baño,n,4.8,common,
845,compra,n,4.8,common,
846,concepto,n,4.8,common,
847,dicha,n,4.8,common,check: commoner as a form of dicho
848,directo,adj n,4.8,common,
849,enorme,adj,4.8,common,
850,exactamente,adv,4.8,common,
851,festival,n,4.8,common,
852,gobernador,adj n,4.8,common,
853,hotel,n,4.8,common,
854,lograr,vblex,4.8,common,
855,matar,vblex,4.8,common,
856,período,n,4.8,common,
857,piel,n,4.8,common,
858,principalmente,adv,4.8,common,
859,raro,adj,4.8,common,
860,responsable,adj n,4.8,common,
861,tamaño,adj n,4.8,common,
862,abierto,adj n,4.79,common,
863,blanca,n,4.79,common,
864,clave,adj n,4.79,common,
865,compartir,vblex,4.79,common,
866,crítica,n,4.79,common,
867,demanda,n,4.79,common,
868,ecuador,n,4.79,common,
869,luna,n,4.79,common,
870,ojo,ij n,4.79,common,
871,personaje,n,4.79,common,
872,piso,n,4.79,common,
873,pro,adj n pr,4.79,common,
874,quizá,adv,4.79,common,
875,recién,adv,4.79,common,
876,reina,n,4.79,common,
877,salvo,adj adv cnj,4.79,common,
878,sábado,n,4.79,common,
879,velocidad,n,4.79,common,
880,visión,n,4.79,common,
881,alcalde,n,4.78,common,
882,altura,n,4.78,common,
883,candidato,n,4.78,common,
884,comentario,n,4.78,common,
885,competencia,n,4.78,common,
886,debajo,adv pr,4.78,common,
887,facultad,n,4.78,common,
888,generación,n,4.78,common,
889,gestión,n,4.78,common,
890,menudo,adj n,4.78,common,
891,presupuesto,adj n,4.78,common,
892,querido,adj n,4.78,common,
893,abogado,n,4.77,common,
894,abrir,n vblex,4.77,common,
895,acabo,n,4.77,common,
896,anda,ij n,4.77,common,
897,antiguo,adj,4.77,common,
898,basta,adv cnj ij n,4.77,common,
899,carga,n,4.77,common,check: commoner as a form of cargo
900,cita,n,4.77,common,
901,consumo,n,4.77,common,
902,contexto,n,4.77,common,
903,correo,n,4.77,common,
904,culo,adj n,4.77,common,
905,ejercicio,n,4.77,common,
906,elegir,vblex,4.77,common,
907,figura,n,4.77,common,
908,genial,adj adv,4.77,common,
909,jugador,n,4.77,common,
910,municipal,adj,4.77,common,
911,nueve,n num,4.77,common,
912,objeto,n,4.77,common,
913,publicación,n,4.77,common,
914,tratamiento,n,4.77,common,
915,villa,n,4.77,common,
916,calor,n,4.76,common,
917,conciencia,n,4.76,common,
918,cárcel,n,4.76,common,
919,dejo,n,4.76,common,check: commoner as a form of dejar
920,digital,adj n,4.76,common,
921,distrito,n,4.76,common,
922,familiar,adj n,4.76,common,
923,fundación,n,4.76,common,
924,ganado,adj n,4.76,common,check: commoner as a form of ganar
925,histórico,adj n,4.76,common,
926,intención,n,4.76,common,
927,junta,n,4.76,common,check: commoner as a form of junto
928,listo,adj ij,4.76,common,
929,máximo,adj n,4.76,common,
930,piedra,n,4.76,common,
931,propósito,n,4.76,common,
932,recordar,vblex,4.76,common,
933,rica,n,4.76,common,
934,secretario,n,4.76,common,
935,sede,n,4.76,common,
936,técnica,n,4.76,common,
937,aeropuerto,n,4.75,common,
938,autoridad,n,4.75,common,
939,cadena,n,4.75,common,
940,capitán,n,4.75,common,
941,continuación,n,4.75,common,
942,delante,adv pr,4.75,common,
943,fernando,n,4.75,common,
944,influencia,n,4.75,common,
945,judicial,adj,4.75,common,
946,lenguaje,n,4.75,common,
947,literatura,n,4.75,common,
948,mexicano,adj n,4.75,common,
949,online,adj,4.75,common,
950,querer,n vblex,4.75,common,
951,actitud,n,4.74,common,
952,basura,n,4.74,common,
953,búsqueda,n,4.74,common,
954,clara,n,4.74,common,check: commoner as a form of claro
955,coche,n,4.74,common,
956,corto,adj n,4.74,common,
957,cuánto,adv det,4.74,common,
958,documento,n,4.74,common,
959,espíritu,n,4.74,common,
960,existencia,n,4.74,common,
961,frontera,n,4.74,common,
962,idioma,n,4.74,common,
963,leche,ij n,4.74,common,
964,mirar,vblex,4.74,common,
965,obstante,adj,4.74,common,
966,planeta,n,4.74,common,
967,pobreza,n,4.74,common,
968,quedar,vblex,4.74,common,
969,sexual,adj,4.74,common,
970,super,adj,4.74,common,
971,tienda,n,4.74,common,
972,belleza,n,4.73,common,
973,blog,n,4.73,common,
974,construir,vblex,4.73,common,
975,cuándo,adv,4.73,common,
976,declaración,n,4.73,common,
977,estadounidense,adj n,4.73,common,
978,estatal,adj,4.73,common,
979,jajaja,ij,4.73,common,
980,jorge,n,4.73,common,
981,león,n,4.73,common,
982,mínimo,adj n,4.73,common,
983,pantalla,n,4.73,common,
984,papá,n,4.73,common,
985,perfil,n,4.73,common,
986,tarea,n,4.73,common,
987,tratado,n,4.73,common,
988,artista,n,4.72,common,
989,caer,vblex,4.72,common,
990,compañero,n,4.72,common,
991,crédito,n,4.72,common,
992,cuesta,n,4.72,common,
993,distribución,n,4.72,common,
994,gas,n,4.72,common,
995,grave,adj,4.72,common,
996,identidad,n,4.72,common,
997,inteligencia,n,4.72,common,
998,inversión,n,4.72,common,
999,mirada,n,4.72,common,
1000,pedido,n,4.72,common,
1001,playa,n,4.72,common,
1002,promedio,n,4.72,common,
1003,pérdida,n,4.72,common,
1004,resistencia,n,4.72,common,
1005,terreno,adj n,4.72,common,
1006,valencia,n,4.72,common,
1007,voluntad,n,4.72,common,
1008,votar,vblex,4.72,common,
1009,aceptar,vblex,4.71,common,
1010,asesinato,n,4.71,common,
1011,aspecto,n,4.71,common,
1012,cocina,n,4.71,common,
1013,comité,n,4.71,common,
1014,conflicto,n,4.71,common,
1015,consecuencia,n,4.71,common,
1016,correcto,adj,4.71,common,
1017,dulce,adj n,4.71,common,
1018,física,n,4.71,common,
1019,inmediatamente,adv,4.71,common,
1020,jueves,n,4.71,common,
1021,medicina,n,4.71,common,
1022,mío,det prn,4.71,common,
1023,novela,n,4.71,common,
1024,oh,ij,4.71,common,
1025,permiso,n,4.71,common,
1026,presentación,n,4.71,common,
1027,privada,n,4.71,common,
1028,puente,n,4.71,common,
1029,reconocimiento,n,4.71,common,
1030,regreso,n,4.71,common,
1031,rosa,n,4.71,common,
1032,subir,vblex,4.71,common,
1033,tenia,n,4.71,common,
1034,tren,n,4.71,common,
1035,utilizar,vblex,4.71,common,
1036,abierta,n,4.7,common,
1037,bebé,n,4.7,common,
1038,categoría,n,4.7,common,
1039,claramente,adv,4.7,common,
1040,concurso,n,4.7,common,
1041,decreto,n,4.7,common,
1042,ejecutivo,adj n,4.7,common,
1043,estrategia,n,4.7,common,
1044,frío,adj n,4.7,common,
1045,generalmente,adv,4.7,common,
1046,jaja,ij,4.7,common,
1047,municipio,n,4.7,common,
1048,patria,n,4.7,common,
1049,penal,adj n,4.7,common,
1050,pensamiento,n,4.7,common,
1051,periodista,n,4.7,common,
1052,prisión,n,4.7,common,
1053,accidente,n,4.69,common,
1054,actualidad,n,4.69,common,
1055,aproximadamente,adv,4.69,common,
1056,avión,n,4.69,common,
1057,bandera,n,4.69,common,
1058,biblioteca,n,4.69,common,
1059,celular,adj n,4.69,common,
1060,costo,n,4.69,common,
1061,delito,n,4.69,common,
1062,deporte,n,4.69,common,
1063,disco,n,4.69,common,
1064,entrega,n,4.69,common,
1065,escritor,n,4.69,common,
1066,etapa,n,4.69,common,
1067,iniciativa,n,4.69,common,
1068,liga,n,4.69,common,
1069,llegue,n,4.69,common,check: commoner as a form of llegar
1070,madera,n,4.69,common,
1071,minuto,n,4.69,common,
1072,ocasión,n,4.69,common,
1073,precisamente,adv,4.69,common,
1074,regional,adj,4.69,common,
1075,resolución,n,4.69,common,
1076,ruta,n,4.69,common,
1077,secreto,adj n,4.69,common,
1078,tendencia,n,4.69,common,
1079,toca,n,4.69,common,
1080,tradicional,adj,4.69,common,
1081,acaso,adv,4.68,common,
1082,audiencia,n,4.68,common,
1083,comienzo,n,4.68,common,
1084,condición,n,4.68,common,
1085,crimen,n,4.68,common,
1086,disponible,adj,4.68,common,
1087,extranjero,adj n,4.68,common,
1088,formar,vblex,4.68,common,
1089,frase,n,4.68,common,
1090,global,adj n,4.68,common,
1091,impacto,n,4.68,common,
1092,inteligente,adj,4.68,common,
1093,intentar,vblex,4.68,common,
1094,laboral,adj,4.68,common,
1095,móvil,adj n,4.68,common,
1096,presentar,vblex,4.68,common,
1097,presidencia,n,4.68,common,
1098,publicidad,n,4.68,common,
1099,resolver,vblex,4.68,common,
1100,trato,n,4.68,common,
1101,alcanzar,vblex,4.67,common,
1102,animal,adj n,4.67,common,
1103,aparte,adj adv,4.67,common,
1104,ciudadano,adj n,4.67,common,
1105,colaboración,n,4.67,common,
1106,compromiso,n,4.67,common,
1107,conferencia,n,4.67,common,
1108,cuento,n,4.67,common,
1109,cáncer,n,4.67,common,
1110,deuda,n,4.67,common,
1111,división,n,4.67,common,
1112,enemigo,adj n,4.67,common,
1113,explicar,vblex,4.67,common,
1114,foro,n,4.67,common,
1115,frecuencia,n,4.67,common,
1116,habitación,n,4.67,common,
1117,humanidad,n,4.67,common,
1118,humor,n,4.67,common,
1119,institución,n,4.67,common,
1120,lima,n,4.67,common,
1121,lindo,adj,4.67,common,
1122,llegada,n,4.67,common,
1123,moral,adj n,4.67,common,
1124,museo,n,4.67,common,
1125,mía,n,4.67,common,
1126,palacio,n,4.67,common,
1127,plataforma,n,4.67,common,
1128,regalo,n,4.67,common,
1129,religión,n,4.67,common,
1130,rápidamente,adv,4.67,common,
1131,tuyo,det prn,4.67,common,
1132,técnico,adj n,4.67,common,
1133,as,n,4.66,common,
1134,bonito,adj n,4.66,common,
1135,breve,adj,4.66,common,
1136,capítulo,n,4.66,common,
1137,cumpleaños,n,4.66,common,
1138,defender,vblex,4.66,common,
1139,estrella,n,4.66,common,
1140,evidencia,n,4.66,common,
1141,firma,n,4.66,common,
1142,guardia,n,4.66,common,
1143,juventud,n,4.66,common,
1144,martes,n,4.66,common,
1145,metro,n,4.66,common,
1146,navidad,n,4.66,common,
1147,probable,adj,4.66,common,
1148,responder,vblex,4.66,common,
1149,sencillo,adj n,4.66,common,
1150,señal,n,4.66,common,
1151,superficie,n,4.66,common,
1152,temprano,adj adv,4.66,common,
1153,tradición,n,4.66,common,
1154,universo,n,4.66,common,
1155,valle,n,4.66,common,
1156,viento,n,4.66,common,
1157,vuelto,n,4.66,common,check: commoner as a form of volver
1158,arma,n,4.65,common,
1159,colección,n,4.65,common,
1160,conversación,n,4.65,common,
1161,directa,n,4.65,common,
1162,escenario,n,4.65,common,
1163,exposición,n,4.65,common,
1164,hermoso,adj,4.65,common,
1165,igualdad,n,4.65,common,
1166,invierno,n,4.65,common,
1167,luchar,vblex,4.65,common,
1168,moda,n,4.65,common,
1169,método,n,4.65,common,
1170,normalmente,adv,4.65,common,
1171,oferta,n,4.65,common,
1172,onda,n,4.65,common,
1173,salvador,n,4.65,common,
1174,seguramente,adv,4.65,common,
1175,sentencia,n,4.65,common,
1176,sesión,n,4.65,common,
1177,software,n,4.65,common,
1178,sonido,n,4.65,common,
1179,sorpresa,n,4.65,common,
1180,tarjeta,n,4.65,common,
1181,asimismo,adv,4.64,common,
1182,bolsa,n,4.64,common,
1183,cerebro,n,4.64,common,
1184,clima,n,4.64,common,
1185,comportamiento,n,4.64,common,
1186,corriente,adj n,4.64,common,
1187,corta,n,4.64,common,
1188,discusión,n,4.64,common,
1189,do,adv n prn,4.64,common,
1190,dominio,n,4.64,common,
1191,escala,n,4.64,common,
1192,espalda,n,4.64,common,
1193,gracia,n,4.64,common,
1194,intervención,n,4.64,common,
1195,montón,n,4.64,common,
1196,pasada,n,4.64,common,check: commoner as a form of pasado
1197,probar,vblex,4.64,common,
1198,sensación,n,4.64,common,
1199,show,n,4.64,common,
1200,terrible,adj,4.64,common,
1201,vergüenza,n,4.64,common,
1202,víctima,n,4.64,common,
1203,acabar,vblex,4.63,common,
1204,agencia,n,4.63,common,
1205,apoyar,vblex,4.63,common,
1206,asistencia,n,4.63,common,
1207,ayuntamiento,n,4.63,common,
1208,bajar,vblex,4.63,common,
1209,comandante,n,4.63,common,
1210,constante,adj n,4.63,common,
1211,examen,n,4.63,common,
1212,fundamental,adj,4.63,common,
1213,igualmente,adv ij,4.63,common,
1214,impuesto,n,4.63,common,
1215,industrial,adj,4.63,common,
1216,mapa,n,4.63,common,
1217,masa,n,4.63,common,
1218,mentira,n,4.63,common,
1219,miércoles,ij n,4.63,common,
1220,novio,n,4.63,common,
1221,nuevamente,adv,4.63,common,
1222,periódico,adj n,4.63,common,
1223,placer,n vblex,4.63,common,
1224,representación,n,4.63,common,
1225,resumen,n,4.63,common,
1226,seguido,adj adv,4.63,common,check: commoner as a form of seguir
1227,titular,adj n vblex,4.63,common,
1228,turismo,n,4.63,common,
1229,vender,vblex,4.63,common,
1230,viajar,vblex,4.63,common,
1231,vuelo,n,4.63,common,
1232,actuar,vblex,4.62,common,
1233,alcance,n,4.62,common,
1234,anual,adj,4.62,common,
1235,archivo,n,4.62,common,
1236,aumentar,vblex,4.62,common,
1237,beneficio,n,4.62,common,
1238,carajo,ij n,4.62,common,
1239,cerrar,vblex,4.62,common,
1240,continuar,vblex,4.62,common,
1241,cuello,n,4.62,common,
1242,definitivamente,adv,4.62,common,
1243,dictadura,n,4.62,common,
1244,década,n,4.62,common,
1245,establecer,vblex,4.62,common,
1246,famoso,adj n,4.62,common,
1247,gato,n,4.62,common,
1248,gay,adj n,4.62,common,
1249,lectura,n,4.62,common,
1250,martín,n,4.62,common,
1251,porqué,n,4.62,common,
1252,príncipe,adj n,4.62,common,
1253,tiro,n,4.62,common,
1254,torno,n,4.62,common,
1255,abuela,n,4.61,common,
1256,carretera,n,4.61,common,
1257,caída,n,4.61,common,
1258,cola,n,4.61,common,
1259,cristo,n,4.61,common,
1260,disposición,n,4.61,common,
1261,dueño,n,4.61,common,
1262,editorial,adj n,4.61,common,
1263,labor,n,4.61,common,
1264,letra,n,4.61,common,
1265,lluvia,n,4.61,common,
1266,marido,n,4.61,common,
1267,mostrar,vblex,4.61,common,
1268,oeste,n,4.61,common,
1269,sentimiento,n,4.61,common,
1270,suma,n,4.61,common,
1271,tasa,n,4.61,common,
1272,tocar,vblex,4.61,common,
1273,tranquilo,adj ij,4.61,common,
1274,universal,adj,4.61,common,
1275,vivienda,n,4.61,common,
1276,absolutamente,adv,4.6,common,
1277,alegría,n,4.6,common,
1278,amistad,n,4.6,common,
1279,anteriormente,adv,4.6,common,
1280,castro,n,4.6,common,
1281,cero,n num,4.6,common,
1282,cliente,n,4.6,common,
1283,concierto,n,4.6,common,
1284,correr,n vblex,4.6,common,
1285,córdoba,n,4.6,common,
1286,descripción,n,4.6,common,
1287,elegido,n,4.6,common,
1288,evolución,n,4.6,common,
1289,infantil,adj,4.6,common,
1290,ingreso,n,4.6,common,
1291,moneda,n,4.6,common,
1292,motor,adj n,4.6,common,
1293,occidental,adj n,4.6,common,
1294,panamá,n,4.6,common,
1295,permanente,adj n,4.6,common,
1296,prácticamente,adv,4.6,common,
1297,punta,n,4.6,common,
1298,salga,n,4.6,common,check: commoner as a form of salir
1299,sub,pr,4.6,common,
1300,traducción,n,4.6,common,
1301,tráfico,n,4.6,common,
1302,ángel,n,4.6,common,
1303,adentro,adv ij n,4.59,common,
1304,caliente,adj,4.59,common,
1305,cariño,n,4.59,common,
1306,chino,adj n,4.59,common,
1307,constitucional,adj,4.59,common,
1308,controlar,vblex,4.59,common,
1309,coronel,n,4.59,common,
1310,diputado,n,4.59,common,
1311,disfrutar,vblex,4.59,common,
1312,entero,adj n,4.59,common,
1313,filosofía,n,4.59,common,
1314,licencia,n,4.59,common,
1315,millón,n,4.59,common,
1316,parlamento,n,4.59,common,
1317,pecho,n,4.59,common,
1318,pelea,n,4.59,common,
1319,perfectamente,adv,4.59,common,
1320,proteger,vblex,4.59,common,
1321,reducir,vblex,4.59,common,
1322,secundaria,n,4.59,common,
1323,toque,n,4.59,common,
1324,tío,n,4.59,common,
1325,volumen,n,4.59,common,
1326,ámbito,n,4.59,common,
1327,alianza,n,4.58,common,
1328,amenaza,n,4.58,common,
1329,campeón,n,4.58,common,
1330,castillo,n,4.58,common,
1331,colectivo,adj n,4.58,common,
1332,complejo,adj n,4.58,common,
1333,conexión,n,4.58,common,
1334,escucha,n,4.58,common,check: commoner as a form of escuchar
1335,fotografía,n,4.58,common,
1336,loca,n,4.58,common,check: commoner as a form of loco
1337,límite,n,4.58,common,
1338,mezcla,n,4.58,common,
1339,parar,vblex,4.58,common,
1340,poesía,n,4.58,common,
1341,raza,n,4.58,common,
1342,reacción,n,4.58,common,
1343,representante,n,4.58,common,
1344,salón,n,4.58,common,
1345,árbol,n,4.58,common,
1346,útil,adj,4.58,common,
1347,bosque,n,4.57,common,
1348,denuncia,n,4.57,common,
1349,desarrollar,vblex,4.57,common,
1350,estudiante,adj n,4.57,common,
1351,europeo,adj n,4.57,common,
1352,fase,n,4.57,common,
1353,ideal,adj n,4.57,common,
1354,ilegal,adj n,4.57,common,
1355,imperio,n,4.57,common,
1356,jornada,n,4.57,common,
1357,nacimiento,n,4.57,common,
1358,patrimonio,n,4.57,common,
1359,primavera,n,4.57,common,
1360,recientemente,adv,4.57,common,
1361,reconocer,vblex,4.57,common,
1362,romper,vblex,4.57,common,
1363,rostro,n,4.57,common,
1364,ruido,n,4.57,common,
1365,sal,n,4.57,common,check: commoner as a form of salir
1366,significado,adj n,4.57,common,
1367,tomo,n,4.57,common,check: commoner as a form of tomar
1368,vestido,adj n,4.57,common,
1369,virgen,adj n,4.57,common,
1370,vosotros,prn,4.57,common,
1371,actuación,n,4.56,common,
1372,alcohol,n,4.56,common,
1373,ama,n,4.56,common,
1374,apertura,n,4.56,common,
1375,caballo,n,4.56,common,
1376,cierre,n,4.56,common,
1377,comenzar,vblex,4.56,common,
1378,definición,n,4.56,common,
1379,desastre,n,4.56,common,
1380,efectivo,adj n,4.56,common,
1381,emergencia,n,4.56,common,
1382,enlace,n,4.56,common,
1383,felicidad,n,4.56,common,
1384,firme,adj,4.56,common,
1385,fácilmente,adv,4.56,common,
1386,guía,n,4.56,common,
1387,haz,n,4.56,common,check: commoner as a form of hacer
1388,herramienta,n,4.56,common,
1389,inmediato,adj,4.56,common,
1390,jardín,n,4.56,common,
1391,maduro,adj,4.56,common,
1392,máquina,n,4.56,common,
1393,personalidad,n,4.56,common,
1394,perspectiva,n,4.56,common,
1395,peña,n,4.56,common,
1396,recuperar,vblex,4.56,common,
1397,rock,n,4.56,common,
1398,agricultura,n,4.55,common,
1399,alemán,adj n,4.55,common,
1400,alternativa,n,4.55,common,
1401,amplio,adj,4.55,common,
1402,arena,n,4.55,common,
1403,argumento,n,4.55,common,
1404,caminar,vblex,4.55,common,
1405,co,n,4.55,common,
1406,combate,n,4.55,common,
1407,consulta,n,4.55,common,
1408,demostrar,vblex,4.55,common,
1409,dignidad,n,4.55,common,
1410,enviar,vblex,4.55,common,
1411,extremo,adj n,4.55,common,
1412,generar,vblex,4.55,common,
1413,gol,ij n,4.55,common,
1414,inferior,adj,4.55,common,
1415,mental,adj,4.55,common,
1416,montaña,n,4.55,common,
1417,musical,adj n,4.55,common,
1418,orgullo,n,4.55,common,
1419,oriente,n,4.55,common,
1420,paciente,adj n,4.55,common,
1421,paga,n,4.55,common,check: commoner as a form of pagar
1422,pasión,n,4.55,common,
1423,permitir,vblex,4.55,common,
1424,pieza,n,4.55,common,
1425,pintura,n,4.55,common,
1426,pista,n,4.55,common,
1427,positivo,adj,4.55,common,
1428,promoción,n,4.55,common,
1429,quedo,adj adv,4.55,common,
1430,reciente,adj n,4.55,common,
1431,regresar,vblex,4.55,common,
1432,reserva,n,4.55,common,
1433,ritmo,n,4.55,common,
1434,robo,n,4.55,common,
1435,suyo,det prn,4.55,common,
1436,temperatura,n,4.55,common,
1437,tono,n,4.55,common,
1438,variedad,n,4.55,common,
1439,únicamente,adv,4.55,common,
1440,academia,n,4.54,common,
1441,activo,adj n,4.54,common,
1442,agente,n,4.54,common,
1443,ausencia,n,4.54,common,
1444,cabello,n,4.54,common,
1445,cercano,adj,4.54,common,
1446,considerar,vblex,4.54,common,
1447,diálogo,n,4.54,common,
1448,estadio,n,4.54,common,
1449,et,n,4.54,common,
1450,inicial,adj n,4.54,common,
1451,joder,adv ij vblex,4.54,common,
1452,locura,n,4.54,common,
1453,obvio,adj,4.54,common,
1454,ofrecer,vblex,4.54,common,
1455,plano,adj n,4.54,common,
1456,pongo,n,4.54,common,check: commoner as a form of poner
1457,producir,vblex,4.54,common,
1458,risa,n,4.54,common,
1459,rural,adj n,4.54,common,
1460,ruso,adj n,4.54,common,
1461,servir,vblex,4.54,common,
1462,socialista,adj n,4.54,common,
1463,triunfo,n,4.54,common,
1464,ventana,n,4.54,common,
1465,ánimo,ij n,4.54,common,
1466,absoluto,adj,4.53,common,
1467,acceder,vblex,4.53,common,
1468,actor,n,4.53,common,
1469,andar,n vblex,4.53,common,
1470,anti,adj,4.53,common,
1471,asegurar,vblex,4.53,common,
1472,bar,n,4.53,common,
1473,brazo,n,4.53,common,
1474,caballero,n,4.53,common,
1475,detalle,n,4.53,common,
1476,electrónico,adj,4.53,common,
1477,eliminar,vblex,4.53,common,
1478,explicación,n,4.53,common,
1479,ganador,adj n,4.53,common,
1480,marina,n,4.53,common,
1481,mina,n,4.53,common,
1482,máxima,n,4.53,common,
1483,nacido,adj n,4.53,common,
1484,obviamente,adv,4.53,common,
1485,olvidar,vblex,4.53,common,
1486,parecido,adj n,4.53,common,
1487,piernas,n,4.53,common,
1488,poeta,n,4.53,common,
1489,primaria,n,4.53,common,
1490,procedimiento,n,4.53,common,
1491,puro,adj adv n,4.53,common,
1492,senado,n,4.53,common,
1493,americano,adj n,4.52,common,
1494,barco,n,4.52,common,
1495,bomba,n,4.52,common,
1496,cerveza,n,4.52,common,
1497,clásico,adj n,4.52,common,
1498,cuadro,n,4.52,common,
1499,demuestra,n,4.52,common,
1500,entendido,adj ij n,4.52,useful,check: commoner as a form of entender
1501,federación,n,4.52,useful,
1502,gloria,n,4.52,useful,
1503,granada,n,4.52,useful,
1504,impresión,n,4.52,useful,
1505,man,n,4.52,useful,
1506,oriental,adj n,4.52,useful,
1507,preguntar,vblex,4.52,useful,
1508,saca,n,4.52,useful,check: commoner as a form of sacar
1509,salvar,vblex,4.52,useful,
1510,talento,n,4.52,useful,
1511,torre,n,4.52,useful,
1512,traer,vblex,4.52,useful,
1513,visitar,vblex,4.52,useful,
1514,aniversario,adj n,4.51,useful,
1515,anoche,adv,4.51,useful,
1516,aviso,n,4.51,useful,
1517,cien,num,4.51,useful,
1518,comparación,n,4.51,useful,
1519,comunista,adj n,4.51,useful,
1520,echar,vblex,4.51,useful,
1521,ejecución,n,4.51,useful,
1522,entorno,n,4.51,useful,
1523,extensión,n,4.51,useful,
1524,físico,adj n,4.51,useful,
1525,homenaje,n,4.51,useful,
1526,leo,adj n,4.51,useful,check: commoner as a form of leer
1527,llorar,vblex,4.51,useful,
1528,mata,n,4.51,useful,
1529,meta,n,4.51,useful,
1530,petróleo,n,4.51,useful,
1531,posteriormente,adv,4.51,useful,
1532,potencial,adj n,4.51,useful,
1533,profundo,adj,4.51,useful,
1534,regla,n,4.51,useful,
1535,regular,adj vblex,4.51,useful,
1536,renta,n,4.51,useful,
1537,taller,n,4.51,useful,
1538,ventaja,n,4.51,useful,
1539,abrazo,n,4.5,useful,
1540,baile,n,4.5,useful,
1541,ciudadanía,n,4.5,useful,
1542,corea,n,4.5,useful,
1543,descubrir,vblex,4.5,useful,
1544,enseñanza,n,4.5,useful,
1545,entidad,n,4.5,useful,
1546,entrenamiento,n,4.5,useful,
1547,enviado,n,4.5,useful,
1548,espectáculo,n,4.5,useful,
1549,esposo,n,4.5,useful,
1550,fenómeno,n,4.5,useful,
1551,funcionamiento,n,4.5,useful,
1552,horrible,adj,4.5,useful,
1553,huevo,n,4.5,useful,
1554,intelectual,adj,4.5,useful,
1555,lanzamiento,n,4.5,useful,
1556,pared,n,4.5,useful,
1557,paro,n,4.5,useful,
1558,particularmente,adv,4.5,useful,
1559,provincial,adj,4.5,useful,
1560,residencia,n,4.5,useful,
1561,sonrisa,n,4.5,useful,
1562,vecino,adj n,4.5,useful,
1563,abuelo,n,4.49,useful,
1564,basado,adj ij,4.49,useful,
1565,colonia,n,4.49,useful,
1566,cooperación,n,4.49,useful,
1567,discutir,vblex,4.49,useful,
1568,elemento,n,4.49,useful,
1569,encuesta,n,4.49,useful,
1570,exacto,adj adv n,4.49,useful,
1571,extra,adj n,4.49,useful,
1572,franco,adj n,4.49,useful,
1573,individual,adj n,4.49,useful,
1574,infancia,n,4.49,useful,
1575,infraestructura,n,4.49,useful,
1576,ingeniería,n,4.49,useful,
1577,interpretación,n,4.49,useful,
1578,legislación,n,4.49,useful,
1579,liberal,adj n,4.49,useful,
1580,lógica,n,4.49,useful,
1581,manejo,n,4.49,useful,
1582,moreno,adj n,4.49,useful,
1583,oscuro,adj,4.49,useful,
1584,oído,n,4.49,useful,
1585,partida,n,4.49,useful,check: commoner as a form of partido
1586,personalmente,adv,4.49,useful,
1587,princesa,n,4.49,useful,
1588,progreso,n,4.49,useful,
1589,puesta,n,4.49,useful,check: commoner as a form of puesto
1590,rol,n,4.49,useful,
1591,sujeto,adj n,4.49,useful,
1592,torneo,n,4.49,useful,
1593,turno,n,4.49,useful,
1594,vacío,adj n,4.49,useful,
1595,venezolano,adj n,4.49,useful,
1596,aprobación,n,4.48,useful,
1597,celebración,n,4.48,useful,
1598,celebrar,vblex,4.48,useful,
1599,cerrado,adj n,4.48,useful,
1600,ciclo,n,4.48,useful,
1601,científico,adj n,4.48,useful,
1602,conde,n,4.48,useful,
1603,crecer,vblex,4.48,useful,
1604,criminal,adj n,4.48,useful,
1605,círculo,n,4.48,useful,
1606,decidir,vblex,4.48,useful,
1607,evidente,adj,4.48,useful,
1608,excepción,n,4.48,useful,
1609,falso,adj,4.48,useful,
1610,formato,n,4.48,useful,
1611,hierro,n,4.48,useful,
1612,ja,ij,4.48,useful,
1613,juro,n,4.48,useful,
1614,lago,n,4.48,useful,
1615,monte,n,4.48,useful,
1616,norma,n,4.48,useful,
1617,olor,n,4.48,useful,
1618,pleno,adj n,4.48,useful,
1619,porcentaje,n,4.48,useful,
1620,posterior,adj,4.48,useful,
1621,potencia,n,4.48,useful,
1622,preparado,adj n,4.48,useful,
1623,riqueza,n,4.48,useful,
1624,salario,n,4.48,useful,
1625,saludo,n,4.48,useful,
1626,sierra,n,4.48,useful,
1627,tabla,n,4.48,useful,
1628,vs,pr,4.48,useful,
1629,bienestar,n,4.47,useful,
1630,cantante,adj n,4.47,useful,
1631,concentración,n,4.47,useful,
1632,copia,n,4.47,useful,
1633,corona,n,4.47,useful,
1634,crítico,adj n,4.47,useful,
1635,dedo,n,4.47,useful,
1636,determinar,vblex,4.47,useful,
1637,doce,num,4.47,useful,
1638,flor,n,4.47,useful,
1639,fracaso,n,4.47,useful,
1640,fábrica,n,4.47,useful,
1641,gasto,n,4.47,useful,
1642,margen,n,4.47,useful,
1643,paseo,n,4.47,useful,
1644,peligroso,adj,4.47,useful,
1645,secretaría,n,4.47,useful,
1646,suficientemente,adv,4.47,useful,
1647,superar,vblex,4.47,useful,
1648,techo,n,4.47,useful,
1649,transmisión,n,4.47,useful,
1650,tuya,n,4.47,useful,
1651,ubicación,n,4.47,useful,
1652,veinte,num,4.47,useful,
1653,aceite,n,4.46,useful,
1654,anuncio,n,4.46,useful,
1655,aplicar,vblex,4.46,useful,
1656,audio,n,4.46,useful,
1657,azúcar,n,4.46,useful,
1658,broma,n,4.46,useful,
1659,castellano,adj n,4.46,useful,
1660,columna,n,4.46,useful,
1661,correspondiente,adj,4.46,useful,
1662,cura,n,4.46,useful,
1663,descanso,n,4.46,useful,
1664,distinto,adj adv,4.46,useful,
1665,esquina,n,4.46,useful,
1666,gira,n,4.46,useful,
1667,intercambio,n,4.46,useful,
1668,introducción,n,4.46,useful,
1669,organismo,n,4.46,useful,
1670,pedo,adj n,4.46,useful,
1671,promover,vblex,4.46,useful,
1672,raíz,n,4.46,useful,
1673,repente,n,4.46,useful,
1674,rosario,n,4.46,useful,
1675,solicitud,n,4.46,useful,
1676,súper,adj,4.46,useful,
1677,índice,n,4.46,useful,
1678,am,adv,4.45,useful,
1679,aparentemente,adv,4.45,useful,
1680,culpable,adj n,4.45,useful,
1681,difusión,n,4.45,useful,
1682,documental,n,4.45,useful,
1683,drama,n,4.45,useful,
1684,feria,n,4.45,useful,
1685,magia,n,4.45,useful,
1686,mantenimiento,n,4.45,useful,
1687,moderno,adj,4.45,useful,
1688,muro,n,4.45,useful,
1689,posiblemente,adv,4.45,useful,
1690,puto,adj adv n,4.45,useful,
1691,queso,n,4.45,useful,
1692,recorrido,n,4.45,useful,
1693,relativamente,adv,4.45,useful,
1694,restaurante,n,4.45,useful,
1695,sabor,n,4.45,useful,
1696,supremo,adj,4.45,useful,
1697,temporal,adj n,4.45,useful,
1698,trabajador,adj n,4.45,useful,
1699,vehículo,n,4.45,useful,
1700,virus,n,4.45,useful,
1701,avance,n,4.44,useful,
1702,bailar,vblex,4.44,useful,
1703,beso,n,4.44,useful,
1704,conclusión,n,4.44,useful,
1705,considerando,n,4.44,useful,
1706,continente,n,4.44,useful,
1707,costumbre,n,4.44,useful,
1708,empleado,adj n,4.44,useful,
1709,escolar,adj n vblex,4.44,useful,
1710,factor,n,4.44,useful,
1711,hacienda,n,4.44,useful,
1712,impresionante,adj,4.44,useful,
1713,infierno,n,4.44,useful,
1714,interno,adj n,4.44,useful,
1715,liberación,n,4.44,useful,
1716,localidad,n,4.44,useful,
1717,ma,n,4.44,useful,
1718,manda,n,4.44,useful,
1719,mandar,vblex,4.44,useful,
1720,mandato,n,4.44,useful,
1721,metal,n,4.44,useful,
1722,paraguay,n,4.44,useful,
1723,polvo,n,4.44,useful,
1724,publicar,vblex,4.44,useful,
1725,reducción,n,4.44,useful,
1726,rivera,n,4.44,useful,
1727,senador,n,4.44,useful,
1728,socio,n,4.44,useful,
1729,solidaridad,n,4.44,useful,
1730,sufrir,vblex,4.44,useful,
1731,templo,n,4.44,useful,
1732,teniente,n,4.44,useful,
1733,tercero,adj n,4.44,useful,
1734,terror,n,4.44,useful,
1735,top,adj n,4.44,useful,
1736,tormenta,n,4.44,useful,
1737,adiós,ij n,4.43,useful,
1738,armada,n,4.43,useful,
1739,bola,n,4.43,useful,
1740,cable,n,4.43,useful,
1741,cantar,n vblex,4.43,useful,
1742,comprender,vblex,4.43,useful,
1743,cuarta,n,4.43,useful,check: commoner as a form of cuarto
1744,eléctrica,n,4.43,useful,
1745,escritura,n,4.43,useful,
1746,fraude,n,4.43,useful,
1747,gigante,adj n,4.43,useful,
1748,horario,adj n,4.43,useful,
1749,ingeniero,n,4.43,useful,
1750,laboratorio,n,4.43,useful,
1751,lujo,n,4.43,useful,
1752,manejar,vblex,4.43,useful,
1753,mejora,n,4.43,useful,check: commoner as a form of mejorar
1754,petición,n,4.43,useful,
1755,plena,n,4.43,useful,
1756,previa,n,4.43,useful,
1757,programación,n,4.43,useful,
1758,protesta,n,4.43,useful,
1759,robar,vblex,4.43,useful,
1760,silla,n,4.43,useful,
1761,votación,n,4.43,useful,
1762,últimamente,adv,4.43,useful,
1763,abandonar,vblex,4.42,useful,
1764,agradable,adj,4.42,useful,
1765,arquitectura,n,4.42,useful,
1766,batería,n,4.42,useful,
1767,bienvenida,ij n,4.42,useful,
1768,brillante,adj n,4.42,useful,
1769,cena,n,4.42,useful,
1770,comunicado,n,4.42,useful,
1771,cubrir,vblex,4.42,useful,
1772,deber,n vblex,4.42,useful,
1773,diablo,n,4.42,useful,
1774,duración,n,4.42,useful,
1775,encargado,adj n,4.42,useful,
1776,enfermo,adj n,4.42,useful,
1777,existir,vblex,4.42,useful,
1778,financiera,n,4.42,useful,
1779,guerrero,adj n,4.42,useful,
1780,hablado,adj n,4.42,useful,check: commoner as a form of hablar
1781,héroe,n,4.42,useful,
1782,idiota,adj n,4.42,useful,
1783,importar,vblex,4.42,useful,
1784,italiano,adj n,4.42,useful,
1785,meter,vblex,4.42,useful,
1786,obispo,n,4.42,useful,
1787,periodismo,n,4.42,useful,
1788,portal,adj n,4.42,useful,
1789,postura,n,4.42,useful,
1790,preocupación,n,4.42,useful,
1791,preparación,n,4.42,useful,
1792,primo,adj n,4.42,useful,
1793,so,adv ij pr,4.42,useful,
1794,sueldo,n,4.42,useful,
1795,tensión,n,4.42,useful,
1796,treinta,num,4.42,useful,
1797,tránsito,n,4.42,useful,
1798,basada,n,4.41,useful,
1799,boda,n,4.41,useful,
1800,chocolate,n,4.41,useful,
1801,clasificación,n,4.41,useful,
1802,coño,adj ij n,4.41,useful,
1803,cumplimiento,n,4.41,useful,
1804,destrucción,n,4.41,useful,
1805,espejo,n,4.41,useful,
1806,fama,n,4.41,useful,
1807,fría,n,4.41,useful,
1808,hielo,n,4.41,useful,
1809,imaginar,vblex,4.41,useful,
1810,jurado,adj n,4.41,useful,
1811,paquete,n,4.41,useful,
1812,propaganda,n,4.41,useful,
1813,ramón,n,4.41,useful,
1814,rango,n,4.41,useful,
1815,rara,n,4.41,useful,check: commoner as a form of raro
1816,retiro,n,4.41,useful,
1817,ronda,n,4.41,useful,
1818,rumbo,n,4.41,useful,
1819,solar,adj n vblex,4.41,useful,
1820,sombra,n,4.41,useful,
1821,símbolo,n,4.41,useful,
1822,testigo,n,4.41,useful,
1823,vigilancia,n,4.41,useful,
1824,agenda,n,4.4,useful,
1825,atacar,vblex,4.4,useful,
1826,caribe,adj n,4.4,useful,
1827,carro,n,4.4,useful,
1828,che,ij n,4.4,useful,
1829,cifra,n,4.4,useful,
1830,concepción,n,4.4,useful,
1831,concreto,adj n,4.4,useful,
1832,conservación,n,4.4,useful,
1833,constantemente,adv,4.4,useful,
1834,cristiano,adj n,4.4,useful,
1835,cuidar,vblex,4.4,useful,
1836,democrático,adj,4.4,useful,
1837,detenido,adj n,4.4,useful,
1838,dibujo,n,4.4,useful,
1839,electricidad,n,4.4,useful,
1840,episodio,n,4.4,useful,
1841,escrita,n,4.4,useful,check: commoner as a form of escrito
1842,humo,n,4.4,useful,
1843,integración,n,4.4,useful,
1844,levantar,vblex,4.4,useful,
1845,leyenda,n,4.4,useful,
1846,link,n,4.4,useful,
1847,oficialmente,adv,4.4,useful,
1848,paciencia,n,4.4,useful,
1849,patio,n,4.4,useful,
1850,pico,n,4.4,useful,
1851,piloto,n,4.4,useful,
1852,pm,adv,4.4,useful,
1853,presidencial,adj,4.4,useful,
1854,prima,n,4.4,useful,
1855,recurso,n,4.4,useful,
1856,saco,n,4.4,useful,check: commoner as a form of sacar
1857,urbano,adj,4.4,useful,
1858,aparecer,vblex,4.39,useful,
1859,aparición,n,4.39,useful,
1860,arroz,n,4.39,useful,
1861,autorización,n,4.39,useful,
1862,avenida,n,4.39,useful,
1863,aventura,n,4.39,useful,
1864,caro,adj adv,4.39,useful,
1865,cobertura,n,4.39,useful,
1866,colombiano,adj n,4.39,useful,
1867,conforme,adj cnj ij n,4.39,useful,
1868,desgracia,n,4.39,useful,
1869,detener,vblex,4.39,useful,
1870,enfoque,n,4.39,useful,
1871,entrenador,n,4.39,useful,
1872,evaluación,n,4.39,useful,
1873,explotación,n,4.39,useful,
1874,favorito,adj n,4.39,useful,
1875,financiero,adj,4.39,useful,
1876,gordo,adj n,4.39,useful,
1877,habitual,adj n,4.39,useful,
1878,identificación,n,4.39,useful,
1879,incremento,n,4.39,useful,
1880,iniciar,vblex,4.39,useful,
1881,japonés,adj n,4.39,useful,
1882,limpieza,n,4.39,useful,
1883,mencionar,vblex,4.39,useful,
1884,nave,n,4.39,useful,
1885,nieve,n,4.39,useful,
1886,obligación,n,4.39,useful,
1887,observar,vblex,4.39,useful,
1888,once,n num,4.39,useful,
1889,pacto,n,4.39,useful,
1890,profundidad,n,4.39,useful,
1891,realización,n,4.39,useful,
1892,religioso,adj,4.39,useful,
1893,renuncia,n,4.39,useful,
1894,revisión,n,4.39,useful,
1895,tonto,adj n,4.39,useful,
1896,transición,n,4.39,useful,
1897,vuestro,det prn,4.39,useful,
1898,alerta,adj adv n,4.38,useful,
1899,aprendizaje,n,4.38,useful,
1900,básicamente,adv,4.38,useful,
1901,carmen,n,4.38,useful,
1902,casado,adj n,4.38,useful,
1903,caza,n,4.38,useful,
1904,combustible,adj n,4.38,useful,
1905,curiosidad,n,4.38,useful,
1906,deportivo,adj n,4.38,useful,
1907,desayuno,n,4.38,useful,
1908,diversidad,n,4.38,useful,
1909,droga,n,4.38,useful,
1910,débil,adj,4.38,useful,
1911,ejercer,vblex,4.38,useful,
1912,emperador,n,4.38,useful,
1913,ensayo,n,4.38,useful,
1914,escapar,vblex,4.38,useful,
1915,estabilidad,n,4.38,useful,
1916,exclusivamente,adv,4.38,useful,
1917,experto,adj n,4.38,useful,
1918,fallo,n,4.38,useful,
1919,funcionar,vblex,4.38,useful,
1920,fundador,adj n,4.38,useful,
1921,garantizar,vblex,4.38,useful,
1922,habilidad,n,4.38,useful,
1923,incendio,n,4.38,useful,
1924,instrumento,n,4.38,useful,
1925,investigar,vblex,4.38,useful,
1926,lento,adj,4.38,useful,
1927,originalmente,adv,4.38,useful,
1928,paja,n,4.38,useful,
1929,palo,n,4.38,useful,
1930,pollo,adj n,4.38,useful,
1931,radical,adj n,4.38,useful,
1932,relato,n,4.38,useful,
1933,reloj,n,4.38,useful,
1934,revisar,vblex,4.38,useful,
1935,roca,n,4.38,useful,
1936,salto,n,4.38,useful,
1937,soldado,n,4.38,useful,
1938,traje,n,4.38,useful,
1939,universitario,adj n,4.38,useful,
1940,abuso,n,4.37,useful,
1941,ambiental,adj,4.37,useful,
1942,asco,n,4.37,useful,
1943,bolívar,n,4.37,useful,
1944,cartel,n,4.37,useful,
1945,castigo,n,4.37,useful,
1946,ceremonia,n,4.37,useful,
1947,chileno,adj n,4.37,useful,
1948,computadora,n,4.37,useful,
1949,conducta,n,4.37,useful,
1950,confiar,vblex,4.37,useful,
1951,cortar,vblex,4.37,useful,
1952,cubierta,n,4.37,useful,
1953,derrota,n,4.37,useful,
1954,destacar,vblex,4.37,useful,
1955,dieta,n,4.37,useful,
1956,establecimiento,n,4.37,useful,
1957,fórmula,n,4.37,useful,
1958,gracioso,adj n,4.37,useful,
1959,ilusión,n,4.37,useful,
1960,instante,n,4.37,useful,
1961,mama,n,4.37,useful,
1962,medalla,n,4.37,useful,
1963,multitud,n,4.37,useful,
1964,nieto,n,4.37,useful,
1965,nuclear,adj vblex,4.37,useful,
1966,ocupación,n,4.37,useful,
1967,organizar,vblex,4.37,useful,
1968,pacífico,adj,4.37,useful,
1969,pelota,n,4.37,useful,
1970,pendiente,adj n,4.37,useful,
1971,plato,n,4.37,useful,
1972,porno,n,4.37,useful,
1973,previamente,adv,4.37,useful,
1974,quita,n,4.37,useful,
1975,recuperación,n,4.37,useful,
1976,rueda,n,4.37,useful,
1977,soledad,n,4.37,useful,
1978,supuestamente,adv,4.37,useful,
1979,temor,n,4.37,useful,
1980,tirar,vblex,4.37,useful,
1981,urgente,adj,4.37,useful,
1982,verdaderamente,adv,4.37,useful,
1983,virtual,adj,4.37,useful,
1984,álbum,n,4.37,useful,
1985,árabe,adj n,4.37,useful,
1986,aborto,n,4.36,useful,
1987,ancho,adj n,4.36,useful,
1988,apellido,n,4.36,useful,
1989,borde,adj n,4.36,useful,
1990,canto,n,4.36,useful,
1991,conductor,n,4.36,useful,
1992,consciente,adj,4.36,useful,
1993,contento,adj n,4.36,useful,
1994,curioso,adj n,4.36,useful,
1995,dama,n,4.36,useful,
1996,desierto,adj n,4.36,useful,
1997,destruir,vblex,4.36,useful,
1998,duque,n,4.36,useful,
1999,editor,n,4.36,useful,
2000,educativo,adj,4.36,useful,
2001,enseñar,vblex,4.36,useful,
2002,entregar,vblex,4.36,useful,
2003,equivalente,adj,4.36,useful,
2004,femenino,adj n,4.36,useful,
2005,feo,adj,4.36,useful,
2006,ficción,n,4.36,useful,
2007,funcionario,n,4.36,useful,
2008,genio,n,4.36,useful,
2009,hoja,n,4.36,useful,
2010,individuo,adj n,4.36,useful,
2011,invitado,adj n,4.36,useful,
2012,limpiar,vblex,4.36,useful,
2013,lástima,n,4.36,useful,
2014,manga,n,4.36,useful,
2015,necesariamente,adv,4.36,useful,
2016,orientación,n,4.36,useful,
2017,patrón,n,4.36,useful,
2018,quinto,adj n,4.36,useful,
2019,rendimiento,n,4.36,useful,
2020,reto,n,4.36,useful,
2021,suprema,n,4.36,useful,
2022,titulado,adj n,4.36,useful,
2023,típico,adj n,4.36,useful,
2024,valiente,adj,4.36,useful,
2025,verga,adj adv ij n,4.36,useful,
2026,vicepresidente,n,4.36,useful,
2027,acusado,adj n,4.35,useful,
2028,analizar,vblex,4.35,useful,
2029,app,n,4.35,useful,
2030,arco,n,4.35,useful,
2031,asesino,adj n,4.35,useful,
2032,asiento,n,4.35,useful,
2033,asumir,vblex,4.35,useful,
2034,calma,n,4.35,useful,
2035,capa,n,4.35,useful,
2036,charla,n,4.35,useful,
2037,cumbre,adj n,4.35,useful,
2038,desaparecido,adj n,4.35,useful,
2039,embajador,n,4.35,useful,
2040,equilibrio,n,4.35,useful,
2041,excusa,n,4.35,useful,
2042,expansión,n,4.35,useful,
2043,identificar,vblex,4.35,useful,
2044,incluir,vblex,4.35,useful,
2045,lector,adj n,4.35,useful,
2046,logro,n,4.35,useful,check: commoner as a form of lograr
2047,mecanismo,n,4.35,useful,
2048,negativa,n,4.35,useful,
2049,olvido,n,4.35,useful,
2050,orto,n,4.35,useful,
2051,parada,n,4.35,useful,
2052,poderoso,adj,4.35,useful,
2053,portada,n,4.35,useful,
2054,previo,adj,4.35,useful,
2055,profesión,n,4.35,useful,
2056,puebla,n,4.35,useful,
2057,rechazo,n,4.35,useful,
2058,reflexión,n,4.35,useful,
2059,rescate,n,4.35,useful,
2060,tesis,n,4.35,useful,
2061,órgano,n,4.35,useful,
2062,arreglar,vblex,4.34,useful,
2063,atender,vblex,4.34,useful,
2064,autonomía,n,4.34,useful,
2065,bienvenido,adj ij,4.34,useful,
2066,botella,n,4.34,useful,
2067,básico,adj,4.34,useful,
2068,campeonato,n,4.34,useful,
2069,cerro,n,4.34,useful,
2070,ciertamente,adv,4.34,useful,
2071,coger,vblex,4.34,useful,
2072,composición,n,4.34,useful,
2073,concha,n,4.34,useful,
2074,condena,n,4.34,useful,
2075,creciente,adj n,4.34,useful,
2076,criterio,n,4.34,useful,
2077,data,n,4.34,useful,
2078,espiritual,adj n,4.34,useful,
2079,fiel,adj,4.34,useful,
2080,fortuna,n,4.34,useful,
2081,gabinete,n,4.34,useful,
2082,go,n,4.34,useful,
2083,huelga,n,4.34,useful,
2084,instalación,n,4.34,useful,
2085,lanza,n,4.34,useful,
2086,limpia,n,4.34,useful,
2087,manual,adj n,4.34,useful,
2088,maravilloso,adj,4.34,useful,
2089,mate,adj n,4.34,useful,check: commoner as a form of matar
2090,negativo,adj n,4.34,useful,
2091,oración,n,4.34,useful,
2092,orgulloso,adj,4.34,useful,
2093,parcial,adj n,4.34,useful,
2094,quitar,vblex,4.34,useful,
2095,respectivamente,adv,4.34,useful,
2096,ridículo,adj n,4.34,useful,
2097,seguimiento,n,4.34,useful,
2098,suave,adj,4.34,useful,
2099,tira,n,4.34,useful,
2100,transformación,n,4.34,useful,
2101,académico,adj n,4.33,useful,
2102,actriz,n,4.33,useful,
2103,actualización,n,4.33,useful,
2104,adicional,adj,4.33,useful,
2105,amarillo,adj n,4.33,useful,
2106,aprovechar,vblex,4.33,useful,
2107,basa,n,4.33,useful,
2108,bello,adj,4.33,useful,
2109,bravo,adj ij,4.33,useful,
2110,catalán,adj n,4.33,useful,
2111,charles,n,4.33,useful,
2112,coalición,n,4.33,useful,
2113,combatir,vblex,4.33,useful,
2114,coordinación,n,4.33,useful,
2115,culto,adj n,4.33,useful,
2116,dato,n,4.33,useful,
2117,depresión,n,4.33,useful,
2118,efectivamente,adv,4.33,useful,
2119,electrónica,n,4.33,useful,
2120,emoción,n,4.33,useful,
2121,empresario,n,4.33,useful,
2122,esencial,adj,4.33,useful,
2123,espada,n,4.33,useful,
2124,expresar,vblex,4.33,useful,
2125,flujo,n,4.33,useful,
2126,galería,n,4.33,useful,
2127,garantía,n,4.33,useful,
2128,gasolina,n,4.33,useful,
2129,hilo,n,4.33,useful,
2130,indio,adj n,4.33,useful,
2131,indígena,adj n,4.33,useful,
2132,preparar,vblex,4.33,useful,
2133,propietario,adj n,4.33,useful,
2134,protagonista,n,4.33,useful,
2135,quito,adj,4.33,useful,
2136,química,n,4.33,useful,
2137,totalidad,n,4.33,useful,
2138,violación,n,4.33,useful,
2139,acompañado,n,4.32,useful,
2140,alimentación,n,4.32,useful,
2141,británico,adj n,4.32,useful,
2142,combinación,n,4.32,useful,
2143,cultivo,n,4.32,useful,
2144,césar,n,4.32,useful,
2145,desconocido,adj n,4.32,useful,
2146,echo,n,4.32,useful,
2147,embajada,n,4.32,useful,
2148,específico,adj,4.32,useful,
2149,fijo,adj adv,4.32,useful,
2150,formal,adj,4.32,useful,
2151,gris,adj n,4.32,useful,
2152,gráfico,adj n,4.32,useful,
2153,guarda,n,4.32,useful,
2154,ira,n,4.32,useful,
2155,jean,n,4.32,useful,
2156,juvenil,adj,4.32,useful,
2157,literalmente,adv,4.32,useful,
2158,maestra,n,4.32,useful,check: commoner as a form of maestro
2159,manifestación,n,4.32,useful,
2160,matemáticas,n,4.32,useful,
2161,moto,n,4.32,useful,
2162,oír,vblex,4.32,useful,
2163,pesca,n,4.32,useful,
2164,pinta,n,4.32,useful,
2165,posesión,n,4.32,useful,
2166,prioridad,n,4.32,useful,
2167,reglamento,n,4.32,useful,
2168,respetar,vblex,4.32,useful,
2169,salsa,n,4.32,useful,
2170,separación,n,4.32,useful,
2171,tesoro,n,4.32,useful,
2172,toledo,n,4.32,useful,
2173,ética,n,4.32,useful,
2174,acero,n,4.31,useful,
2175,ala,n,4.31,useful,
2176,aparato,n,4.31,useful,
2177,autobús,n,4.31,useful,
2178,barra,n,4.31,useful,
2179,bicicleta,n,4.31,useful,
2180,bolsillo,n,4.31,useful,
2181,camiseta,n,4.31,useful,
2182,casualidad,n,4.31,useful,
2183,cinta,n,4.31,useful,
2184,cirugía,n,4.31,useful,
2185,coca,n,4.31,useful,
2186,domicilio,n,4.31,useful,
2187,explosión,n,4.31,useful,
2188,falla,n,4.31,useful,
2189,gil,adj n,4.31,useful,
2190,guardar,vblex,4.31,useful,
2191,inocente,adj n,4.31,useful,
2192,limpio,adj,4.31,useful,
2193,nacionalidad,n,4.31,useful,
2194,palma,n,4.31,useful,
2195,pendejo,adj n,4.31,useful,
2196,poema,n,4.31,useful,
2197,promesa,n,4.31,useful,
2198,queja,n vblex,4.31,useful,
2199,quinta,n,4.31,useful,
2200,reproducción,n,4.31,wider,
2201,sanidad,n,4.31,wider,
2202,sindicato,n,4.31,wider,
2203,soberanía,n,4.31,wider,
2204,taxi,n,4.31,wider,
2205,testimonio,n,4.31,wider,
2206,transparencia,n,4.31,wider,
2207,uniforme,adj n,4.31,wider,
2208,aldea,n,4.3,wider,
2209,amante,adj n,4.3,wider,
2210,asistir,vblex,4.3,wider,
2211,bebe,n,4.3,wider,
2212,beber,n vblex,4.3,wider,
2213,chiste,n,4.3,wider,
2214,circulación,n,4.3,wider,
2215,cometido,n,4.3,wider,
2216,conducir,vblex,4.3,wider,
2217,desaparecer,vblex,4.3,wider,
2218,descarga,n,4.3,wider,
2219,específicamente,adv,4.3,wider,
2220,facilitar,vblex,4.3,wider,
2221,fila,n,4.3,wider,
2222,firmar,vblex,4.3,wider,
2223,fumar,vblex,4.3,wider,
2224,ideología,n,4.3,wider,
2225,imaginación,n,4.3,wider,
2226,inflación,n,4.3,wider,
2227,misterio,n,4.3,wider,
2228,nariz,n,4.3,wider,
2229,occidente,n,4.3,wider,
2230,oscuridad,n,4.3,wider,
2231,paisaje,n,4.3,wider,
2232,pop,adj n,4.3,wider,
2233,quince,num,4.3,wider,
2234,redacción,n,4.3,wider,
2235,renunciar,vblex,4.3,wider,
2236,repetir,vblex,4.3,wider,
2237,sensible,adj,4.3,wider,
2238,sobrevivir,vblex,4.3,wider,
2239,tristeza,n,4.3,wider,
2240,ahorro,n,4.29,wider,
2241,alquiler,n,4.29,wider,
2242,amable,adj,4.29,wider,
2243,apariencia,n,4.29,wider,
2244,banca,n,4.29,wider,
2245,caos,n,4.29,wider,
2246,censo,n,4.29,wider,
2247,cincuenta,num,4.29,wider,
2248,convertir,vblex,4.29,wider,
2249,crónica,n,4.29,wider,
2250,delegación,n,4.29,wider,
2251,despacho,n,4.29,wider,
2252,despertar,n vblex,4.29,wider,
2253,docente,adj n,4.29,wider,
2254,documentación,n,4.29,wider,
2255,eje,n,4.29,wider,
2256,fortaleza,n,4.29,wider,
2257,integral,adj n,4.29,wider,
2258,invertir,vblex,4.29,wider,
2259,inútil,adj n,4.29,wider,
2260,lección,n,4.29,wider,
2261,legado,n,4.29,wider,
2262,mariano,adj,4.29,wider,
2263,panorama,n,4.29,wider,
2264,pastor,n,4.29,wider,
2265,pedazo,n,4.29,wider,
2266,permanecer,vblex,4.29,wider,
2267,prevención,n,4.29,wider,
2268,profundamente,adv,4.29,wider,
2269,rama,n,4.29,wider,
2270,revolucionario,adj n,4.29,wider,
2271,roto,adj n,4.29,wider,
2272,signo,n,4.29,wider,
2273,sufrimiento,n,4.29,wider,
2274,té,n,4.29,wider,
2275,vaso,n,4.29,wider,
2276,acabado,adj n,4.28,wider,check: commoner as a form of acabar
2277,administrativo,adj,4.28,wider,
2278,bloque,n,4.28,wider,
2279,campamento,n,4.28,wider,
2280,clínica,n,4.28,wider,
2281,condenado,adj n,4.28,wider,
2282,convenio,n,4.28,wider,
2283,cristal,n,4.28,wider,
2284,definir,vblex,4.28,wider,
2285,dirigir,vblex,4.28,wider,
2286,elaboración,n,4.28,wider,
2287,estable,adj,4.28,wider,
2288,estreno,n,4.28,wider,
2289,exceso,n,4.28,wider,
2290,giro,n,4.28,wider,
2291,grito,n,4.28,wider,
2292,institucional,adj,4.28,wider,
2293,juzgado,n,4.28,wider,
2294,liderazgo,n,4.28,wider,
2295,llenar,vblex,4.28,wider,
2296,longitud,n,4.28,wider,
2297,mover,vblex,4.28,wider,
2298,muchacho,n,4.28,wider,
2299,naranja,adj n,4.28,wider,
2300,otoño,n,4.28,wider,
2301,placa,n,4.28,wider,
2302,recepción,n,4.28,wider,
2303,recoger,vblex,4.28,wider,
2304,refugio,n,4.28,wider,
2305,representar,vblex,4.28,wider,
2306,represión,n,4.28,wider,
2307,sacerdote,n,4.28,wider,
2308,seco,adj,4.28,wider,
2309,tele,n,4.28,wider,
2310,territorial,adj,4.28,wider,
2311,toro,n,4.28,wider,
2312,tragedia,n,4.28,wider,
2313,venganza,n,4.28,wider,
2314,vigente,adj,4.28,wider,
2315,volar,vblex,4.28,wider,
2316,ácido,adj n,4.28,wider,
2317,apartamento,n,4.27,wider,
2318,barato,adj,4.27,wider,
2319,biblia,n,4.27,wider,
2320,calderón,n,4.27,wider,
2321,candidatura,n,4.27,wider,
2322,característica,n,4.27,wider,
2323,censura,n,4.27,wider,
2324,conquista,n,4.27,wider,
2325,contestar,vblex,4.27,wider,
2326,corazones,n,4.27,wider,check: commoner as a form of corazón
2327,cruzar,vblex,4.27,wider,
2328,cuenca,n,4.27,wider,
2329,desaparición,n,4.27,wider,
2330,dificultad,n,4.27,wider,
2331,dólar,n,4.27,wider,
2332,emisión,n,4.27,wider,
2333,exigir,vblex,4.27,wider,
2334,extremadamente,adv,4.27,wider,
2335,finalidad,n,4.27,wider,
2336,fruto,n,4.27,wider,
2337,guitarra,n,4.27,wider,
2338,ignorancia,n,4.27,wider,
2339,incidente,n,4.27,wider,
2340,independientemente,adv,4.27,wider,
2341,inscripción,n,4.27,wider,
2342,inspiración,n,4.27,wider,
2343,invitación,n,4.27,wider,
2344,justa,n,4.27,wider,check: commoner as a form of justo
2345,mención,n,4.27,wider,
2346,milagro,n,4.27,wider,
2347,nosotras,prn,4.27,wider,
2348,notable,adj,4.27,wider,
2349,ocupar,vblex,4.27,wider,
2350,océano,n,4.27,wider,
2351,pasta,n,4.27,wider,
2352,preso,adj n,4.27,wider,
2353,regulación,n,4.27,wider,
2354,romero,adj n,4.27,wider,
2355,suspensión,n,4.27,wider,
2356,terrorismo,n,4.27,wider,
2357,vital,adj,4.27,wider,
2358,we,n,4.27,wider,
2359,adolescente,adj n,4.26,wider,
2360,adquirir,vblex,4.26,wider,
2361,alegre,adj,4.26,wider,
2362,altamente,adv,4.26,wider,
2363,amar,vblex,4.26,wider,
2364,bordo,n,4.26,wider,
2365,calendario,n,4.26,wider,
2366,cancha,n,4.26,wider,
2367,catedral,n,4.26,wider,
2368,causar,vblex,4.26,wider,
2369,circuito,n,4.26,wider,
2370,circular,adj n vblex,4.26,wider,
2371,cobre,n,4.26,wider,
2372,comprobar,vblex,4.26,wider,
2373,correa,n,4.26,wider,
2374,cruel,adj,4.26,wider,
2375,difundir,vblex,4.26,wider,
2376,dinámica,n,4.26,wider,
2377,disciplina,n,4.26,wider,
2378,discriminación,n,4.26,wider,
2379,dosis,n,4.26,wider,
2380,enamorado,adj n,4.26,wider,
2381,enfrentar,vblex,4.26,wider,
2382,envío,n,4.26,wider,
2383,escándalo,n,4.26,wider,
2384,esencia,n,4.26,wider,
2385,facilidad,n,4.26,wider,
2386,gesto,n,4.26,wider,
2387,grabar,vblex,4.26,wider,
2388,humilde,adj,4.26,wider,
2389,impulso,n,4.26,wider,
2390,informar,vblex,4.26,wider,
2391,instancia,n,4.26,wider,
2392,izquierdo,adj,4.26,wider,
2393,joda,n,4.26,wider,
2394,lentamente,adv,4.26,wider,
2395,llave,n,4.26,wider,
2396,multa,n,4.26,wider,
2397,noble,adj,4.26,wider,
2398,pelear,vblex,4.26,wider,
2399,percepción,n,4.26,wider,
2400,policial,adj,4.26,wider,
2401,privacidad,n,4.26,wider,
2402,productor,adj n,4.26,wider,
2403,rabia,n,4.26,wider,
2404,soporte,n,4.26,wider,
2405,tour,n,4.26,wider,
2406,apuesta,n,4.25,wider,
2407,avanzar,vblex,4.25,wider,
2408,ca,cnj ij n,4.25,wider,
2409,captura,n,4.25,wider,
2410,carnaval,n,4.25,wider,
2411,comprensión,n,4.25,wider,
2412,convención,n,4.25,wider,
2413,convocatoria,n,4.25,wider,
2414,creador,adj n,4.25,wider,
2415,descubrimiento,n,4.25,wider,
2416,eco,n,4.25,wider,
2417,eliminación,n,4.25,wider,
2418,estima,n,4.25,wider,
2419,excelencia,n,4.25,wider,
2420,fabricación,n,4.25,wider,
2421,financiación,n,4.25,wider,
2422,gerente,n,4.25,wider,
2423,herida,n,4.25,wider,
2424,impedir,vblex,4.25,wider,
2425,importe,n,4.25,wider,
2426,info,n,4.25,wider,
2427,intensidad,n,4.25,wider,
2428,juzgar,vblex,4.25,wider,
2429,lanzar,vblex,4.25,wider,
2430,legislativo,adj,4.25,wider,
2431,mancha,n,4.25,wider,
2432,pecado,n,4.25,wider,
2433,planificación,n,4.25,wider,
2434,polémica,n,4.25,wider,
2435,prevenir,vblex,4.25,wider,
2436,psicología,n,4.25,wider,
2437,récord,n,4.25,wider,
2438,selva,n,4.25,wider,
2439,socialismo,n,4.25,wider,
2440,vistazo,n,4.25,wider,
2441,visual,adj,4.25,wider,
2442,wow,ij,4.25,wider,
2443,admitir,vblex,4.24,wider,
2444,agregar,vblex,4.24,wider,
2445,ansiedad,n,4.24,wider,
2446,bob,n,4.24,wider,
2447,camión,n,4.24,wider,
2448,canta,n,4.24,wider,
2449,certificado,adj n,4.24,wider,
2450,criticar,vblex,4.24,wider,
2451,cuarenta,num,4.24,wider,
2452,cubano,adj n,4.24,wider,
2453,cubierto,adj n,4.24,wider,
2454,declarar,vblex,4.24,wider,
2455,dependencia,n,4.24,wider,
2456,depósito,n,4.24,wider,
2457,desafío,n,4.24,wider,
2458,disculpa,ij n,4.24,wider,
2459,enseña,n,4.24,wider,
2460,gravedad,n,4.24,wider,
2461,herencia,n,4.24,wider,
2462,innovación,n,4.24,wider,
2463,invasión,n,4.24,wider,
2464,latino,adj n,4.24,wider,
2465,magnitud,n,4.24,wider,
2466,maldito,adj ij n,4.24,wider,
2467,monumento,n,4.24,wider,
2468,negar,vblex,4.24,wider,
2469,observación,n,4.24,wider,
2470,pizza,n,4.24,wider,
2471,plástico,adj n,4.24,wider,
2472,portugués,adj n,4.24,wider,
2473,protocolo,n,4.24,wider,
2474,reporte,n,4.24,wider,
2475,rival,adj n,4.24,wider,
2476,sello,n,4.24,wider,
2477,semejante,adj,4.24,wider,
2478,señalar,vblex,4.24,wider,
2479,solicitar,vblex,4.24,wider,
2480,solucionar,vblex,4.24,wider,
2481,suicidio,n,4.24,wider,
2482,trayectoria,n,4.24,wider,
2483,tumba,n,4.24,wider,
2484,utilización,n,4.24,wider,
2485,vencer,vblex,4.24,wider,
2486,ampliamente,adv,4.23,wider,
2487,anillo,n,4.23,wider,
2488,aporte,n,4.23,wider,
2489,bloqueo,n,4.23,wider,
2490,capacitación,n,4.23,wider,
2491,carbón,n,4.23,wider,
2492,cobrar,vblex,4.23,wider,
2493,comedia,n,4.23,wider,
2494,competir,vblex,4.23,wider,
2495,completar,vblex,4.23,wider,
2496,contribuir,vblex,4.23,wider,
2497,cuota,n,4.23,wider,
2498,defensor,adj n,4.23,wider,
2499,desempeño,n,4.23,wider,
2500,eficaz,adj,4.23,wider,
2501,estadística,n,4.23,wider,
2502,fan,n,4.23,wider,
2503,fiebre,n,4.23,wider,
2504,fiscalía,n,4.23,wider,
2505,gane,n,4.23,wider,check: commoner as a form of ganar
2506,griego,adj n,4.23,wider,
2507,manifiesto,adj n,4.23,wider,
2508,miseria,n,4.23,wider,
2509,ocurrir,vblex,4.23,wider,
2510,pantalones,n,4.23,wider,
2511,peruano,adj n,4.23,wider,
2512,pierna,n,4.23,wider,
2513,play,n,4.23,wider,
2514,razonable,adj,4.23,wider,
2515,referente,adj n,4.23,wider,
2516,respirar,vblex,4.23,wider,
2517,revés,n,4.23,wider,
2518,sacrificio,n,4.23,wider,
2519,sano,adj,4.23,wider,
2520,tenis,n,4.23,wider,
2521,terapia,n,4.23,wider,
2522,terrorista,adj n,4.23,wider,
2523,tranquilidad,n,4.23,wider,
2524,transferencia,n,4.23,wider,
2525,vega,n,4.23,wider,
2526,vidrio,n,4.23,wider,
2527,virtud,n,4.23,wider,
2528,acta,n,4.22,wider,
2529,agrícola,adj,4.22,wider,
2530,atmósfera,n,4.22,wider,
2531,brasileño,adj n,4.22,wider,
2532,ciego,adj n,4.22,wider,
2533,confusión,n,4.22,wider,
2534,costado,n,4.22,wider,
2535,cómodo,adj,4.22,wider,
2536,danza,n,4.22,wider,
2537,diccionario,n,4.22,wider,
2538,dispositivo,adj n,4.22,wider,
2539,estándar,adj n,4.22,wider,
2540,fantasía,n,4.22,wider,
2541,fresco,adj n,4.22,wider,
2542,imponer,vblex,4.22,wider,
2543,inmigración,n,4.22,wider,
2544,lana,n,4.22,wider,
2545,madrugada,n,4.22,wider,
2546,medina,n,4.22,wider,
2547,misa,n,4.22,wider,
2548,nervioso,adj,4.22,wider,
2549,núcleo,n,4.22,wider,
2550,patas,n,4.22,wider,
2551,persecución,n,4.22,wider,
2552,pesado,adj n,4.22,wider,check: commoner as a form of pesar
2553,pescado,n,4.22,wider,
2554,popularidad,n,4.22,wider,
2555,pozo,n,4.22,wider,
2556,precioso,adj,4.22,wider,
2557,remedio,n,4.22,wider,
2558,reputación,n,4.22,wider,
2559,sinceramente,adv,4.22,wider,
2560,xi,n,4.22,wider,
2561,asistente,n,4.21,wider,
2562,añadir,vblex,4.21,wider,
2563,be,n,4.21,wider,
2564,casco,n,4.21,wider,
2565,cocinar,vblex,4.21,wider,
2566,confirmar,vblex,4.21,wider,
2567,contaminación,n,4.21,wider,
2568,cumplido,adj n,4.21,wider,check: commoner as a form of cumplir
2569,descansar,vblex,4.21,wider,
2570,descargar,vblex,4.21,wider,
2571,diagnóstico,adj n,4.21,wider,
2572,digno,adj,4.21,wider,
2573,doña,n,4.21,wider,
2574,grabación,n,4.21,wider,
2575,grasa,n,4.21,wider,
2576,gritar,vblex,4.21,wider,
2577,huir,vblex,4.21,wider,
2578,macho,adj n,4.21,wider,
2579,mail,n,4.21,wider,
2580,maíz,n,4.21,wider,
2581,ola,n,4.21,wider,
2582,operativo,adj n,4.21,wider,
2583,oral,adj,4.21,wider,
2584,ortega,n,4.21,wider,
2585,paraíso,n,4.21,wider,
2586,península,n,4.21,wider,
2587,practicar,vblex,4.21,wider,
2588,presa,n,4.21,wider,
2589,proporcionar,vblex,4.21,wider,
2590,provocar,vblex,4.21,wider,
2591,relevante,adj,4.21,wider,
2592,rutina,n,4.21,wider,
2593,soportar,vblex,4.21,wider,
2594,aclarar,vblex,4.2,wider,
2595,adopción,n,4.2,wider,
2596,adoptar,vblex,4.2,wider,
2597,alarma,n,4.2,wider,
2598,amanecer,n vblex,4.2,wider,
2599,apartado,adj n,4.2,wider,
2600,asalto,n,4.2,wider,
2601,berlín,n,4.2,wider,
2602,botón,n,4.2,wider,
2603,colonial,adj,4.2,wider,
2604,consentimiento,n,4.2,wider,
2605,conveniente,adj,4.2,wider,
2606,corporación,n,4.2,wider,
2607,descuento,n,4.2,wider,
2608,desempleo,n,4.2,wider,
2609,duelo,n,4.2,wider,
2610,embarazo,n,4.2,wider,
2611,emocional,adj,4.2,wider,
2612,encanto,n,4.2,wider,
2613,escudo,n,4.2,wider,
2614,estancia,n,4.2,wider,
2615,existente,adj,4.2,wider,
2616,flota,n,4.2,wider,
2617,fomentar,vblex,4.2,wider,
2618,frecuente,adj,4.2,wider,
2619,frecuentemente,adv,4.2,wider,
2620,fruta,n,4.2,wider,
2621,fuga,n,4.2,wider,
2622,garganta,n,4.2,wider,
2623,gráfica,n,4.2,wider,
2624,helado,adj n,4.2,wider,
2625,himno,n,4.2,wider,
2626,house,n,4.2,wider,
2627,informática,n,4.2,wider,
2628,investigador,adj n,4.2,wider,
2629,lobo,n,4.2,wider,
2630,lógico,adj n,4.2,wider,
2631,margarita,n,4.2,wider,
2632,mensual,adj,4.2,wider,
2633,muebles,n,4.2,wider,
2634,negociación,n,4.2,wider,
2635,oficio,n,4.2,wider,
2636,parado,adj n,4.2,wider,check: commoner as a form of parar
2637,préstamo,n,4.2,wider,
2638,receta,n,4.2,wider,
2639,recibo,n,4.2,wider,check: commoner as a form of recibir
2640,rincón,n,4.2,wider,
2641,sagrado,adj,4.2,wider,
2642,salvaje,adj n,4.2,wider,
2643,satisfacción,n,4.2,wider,
2644,sorprendente,adj,4.2,wider,
2645,tela,adv n,4.2,wider,
2646,utilidad,n,4.2,wider,
2647,vasco,adj n,4.2,wider,
2648,visible,adj,4.2,wider,
2649,aceptación,n,4.19,wider,
2650,agustín,adv,4.19,wider,
2651,apreciar,vblex,4.19,wider,
2652,atractivo,adj n,4.19,wider,
2653,bahía,n,4.19,wider,
2654,camisa,n,4.19,wider,
2655,capitalismo,n,4.19,wider,
2656,cargar,vblex,4.19,wider,
2657,cometer,vblex,4.19,wider,
2658,comprado,n,4.19,wider,check: commoner as a form of comprar
2659,directiva,n,4.19,wider,
2660,eléctrico,adj,4.19,wider,
2661,estrés,n,4.19,wider,
2662,federico,adj,4.19,wider,
2663,gimnasio,n,4.19,wider,
2664,hey,ij,4.19,wider,
2665,hombro,n,4.19,wider,
2666,marketing,n,4.19,wider,
2667,minería,n,4.19,wider,
2668,mini,adj,4.19,wider,
2669,mérito,adj n,4.19,wider,
2670,ocultar,vblex,4.19,wider,
2671,pasaje,n,4.19,wider,
2672,pez,n,4.19,wider,
2673,po,ij,4.19,wider,
2674,renovación,n,4.19,wider,
2675,retorno,n,4.19,wider,
2676,semestre,n,4.19,wider,
2677,servidor,n,4.19,wider,
2678,terminal,adj n,4.19,wider,
2679,terremoto,n,4.19,wider,
2680,tony,n,4.19,wider,
2681,trampa,n,4.19,wider,
2682,tremendo,adj,4.19,wider,
2683,triple,adj n,4.19,wider,
2684,vela,n,4.19,wider,"check: commoner as a form of ir, ver"
2685,absurdo,adj n,4.18,wider,
2686,adulto,adj n,4.18,wider,
2687,alimento,n,4.18,wider,
2688,alumno,n,4.18,wider,
2689,aprobar,vblex,4.18,wider,
2690,ascenso,n,4.18,wider,
2691,brutal,adj,4.18,wider,
2692,cartera,n,4.18,wider,
2693,catálogo,n,4.18,wider,
2694,cementerio,n,4.18,wider,
2695,consumidor,adj n,4.18,wider,
2696,continental,adj,4.18,wider,
2697,crema,adj n,4.18,wider,
2698,debilidad,n,4.18,wider,
2699,denunciar,vblex,4.18,wider,
2700,detención,n,4.18,wider,
2701,déficit,n,4.18,wider,
2702,eficiente,adj,4.18,wider,
2703,entusiasmo,n,4.18,wider,
2704,estúpido,adj,4.18,wider,
2705,etiqueta,n,4.18,wider,
2706,fa,ij n,4.18,wider,
2707,fuertemente,adv,4.18,wider,
2708,geografía,n,4.18,wider,
2709,golfo,adj n,4.18,wider,
2710,historial,n,4.18,wider,
2711,intenso,adj,4.18,wider,
2712,jurídico,adj,4.18,wider,
2713,justamente,adv,4.18,wider,
2714,líquido,adj n,4.18,wider,
2715,miro,n,4.18,wider,check: commoner as a form of mirar
2716,miss,n,4.18,wider,
2717,mito,n,4.18,wider,
2718,monto,n,4.18,wider,
2719,mortal,adj,4.18,wider,
2720,municipalidad,n,4.18,wider,
2721,pasaporte,n,4.18,wider,
2722,pega,n,4.18,wider,
2723,pánico,adj n,4.18,wider,
2724,respaldo,n,4.18,wider,
2725,romano,adj n,4.18,wider,
2726,saludable,adj,4.18,wider,
2727,saque,n,4.18,wider,check: commoner as a form of sacar
2728,tocado,adj ij n,4.18,wider,check: commoner as a form of tocar
2729,tuit,n,4.18,wider,
2730,adaptación,n,4.17,wider,
2731,ajuste,n,4.17,wider,
2732,anime,n,4.17,wider,
2733,asesor,n,4.17,wider,
2734,atentado,adj n,4.17,wider,
2735,automáticamente,adv,4.17,wider,
2736,boy,n,4.17,wider,
2737,campus,n,4.17,wider,
2738,caridad,n,4.17,wider,
2739,comentar,vblex,4.17,wider,
2740,conservador,adj n,4.17,wider,
2741,contratar,vblex,4.17,wider,
2742,coraje,n,4.17,wider,
2743,cuerda,n,4.17,wider,
2744,cálculo,n,4.17,wider,
2745,empresarial,adj,4.17,wider,
2746,entretenimiento,n,4.17,wider,
2747,espacial,adj,4.17,wider,
2748,esquema,n,4.17,wider,
2749,estética,n,4.17,wider,
2750,financiamiento,n,4.17,wider,
2751,gama,n,4.17,wider,
2752,gastar,vblex,4.17,wider,
2753,horno,n,4.17,wider,
2754,horror,n,4.17,wider,
2755,inauguración,n,4.17,wider,
2756,inclusión,n,4.17,wider,
2757,inevitable,adj,4.17,wider,
2758,inseguridad,n,4.17,wider,
2759,judío,adj n,4.17,wider,
2760,justificar,vblex,4.17,wider,
2761,legalmente,adv,4.17,wider,
2762,mantenido,adj n,4.17,wider,check: commoner as a form of mantener
2763,maravilla,n,4.17,wider,
2764,marihuana,n,4.17,wider,
2765,miel,n,4.17,wider,
2766,naturalmente,adv,4.17,wider,
2767,notar,vblex,4.17,wider,
2768,piano,n,4.17,wider,
2769,pinche,adj adv n,4.17,wider,
2770,ponerle,vblex,4.17,wider,check: commoner as a form of poner
2771,preciso,adj,4.17,wider,
2772,retrato,n,4.17,wider,
2773,sabiduría,n,4.17,wider,
2774,suceder,vblex,4.17,wider,
2775,traición,n,4.17,wider,
2776,trama,n,4.17,wider,
2777,vendido,n,4.17,wider,check: commoner as a form of vender
2778,adquisición,n,4.16,wider,
2779,almuerzo,n,4.16,wider,
2780,antigüedad,n,4.16,wider,
2781,asociado,adj n,4.16,wider,
2782,balance,n,4.16,wider,
2783,bebida,n,4.16,wider,
2784,considerable,adj,4.16,wider,
2785,convento,n,4.16,wider,
2786,coro,n,4.16,wider,
2787,deportiva,n,4.16,wider,
2788,describir,vblex,4.16,wider,
2789,desigualdad,n,4.16,wider,
2790,disputa,n,4.16,wider,
2791,espectacular,adj,4.16,wider,
2792,evidentemente,adv,4.16,wider,
2793,full,n,4.16,wider,
2794,hipótesis,n,4.16,wider,
2795,hueso,n,4.16,wider,
2796,humedad,n,4.16,wider,
2797,ida,n,4.16,wider,check: commoner as a form of ido
2798,inicialmente,adv,4.16,wider,
2799,integridad,n,4.16,wider,
2800,lamentablemente,adv,4.16,wider,
2801,lealtad,n,4.16,wider,
2802,libremente,adv,4.16,wider,
2803,ligeramente,adv,4.16,wider,
2804,marta,n,4.16,wider,
2805,medir,vblex,4.16,wider,
2806,mentir,vblex,4.16,wider,
2807,modificación,n,4.16,wider,
2808,modificar,vblex,4.16,wider,
2809,monarquía,n,4.16,wider,
2810,morena,n,4.16,wider,check: commoner as a form of moreno
2811,pilar,n vblex,4.16,wider,
2812,posta,adj adv ij n,4.16,wider,
2813,seminario,n,4.16,wider,
2814,señorita,n,4.16,wider,
2815,suministro,n,4.16,wider,
2816,tejido,n,4.16,wider,
2817,test,n,4.16,wider,
2818,abandono,n,4.15,wider,
2819,acoso,n,4.15,wider,
2820,aportar,vblex,4.15,wider,
2821,arreglo,n,4.15,wider,
2822,arturo,adj n,4.15,wider,
2823,autopista,n,4.15,wider,
2824,azar,n,4.15,wider,
2825,center,n,4.15,wider,
2826,choque,n,4.15,wider,
2827,circo,n,4.15,wider,
2828,colón,n,4.15,wider,
2829,consenso,n,4.15,wider,
2830,consideración,n,4.15,wider,
2831,continuidad,n,4.15,wider,
2832,cueva,n,4.15,wider,
2833,defecto,n,4.15,wider,
2834,eficiencia,n,4.15,wider,
2835,exclusiva,n,4.15,wider,
2836,hermandad,n vblex,4.15,wider,
2837,jurisdicción,n,4.15,wider,
2838,majestad,n,4.15,wider,
2839,manzana,n,4.15,wider,
2840,mato,n,4.15,wider,check: commoner as a form of matar
2841,maya,adj n,4.15,wider,
2842,nacer,vblex,4.15,wider,
2843,natal,adj,4.15,wider,
2844,negociar,vblex,4.15,wider,
2845,ordenador,n,4.15,wider,
2846,pensión,n,4.15,wider,
2847,perfección,n,4.15,wider,
2848,piscina,n,4.15,wider,
2849,precisión,n,4.15,wider,
2850,rayo,n,4.15,wider,
2851,retirar,vblex,4.15,wider,
2852,rubio,adj n,4.15,wider,
2853,salamanca,n,4.15,wider,
2854,secuestro,n,4.15,wider,
2855,sensibilidad,n,4.15,wider,
2856,sexto,adj n,4.15,wider,
2857,traslado,n,4.15,wider,
2858,truco,n,4.15,wider,
2859,tubo,n,4.15,wider,
2860,vaca,n,4.15,wider,
2861,vapor,n,4.15,wider,
2862,violento,adj,4.15,wider,
2863,administrador,n,4.14,wider,
2864,afirmación,n,4.14,wider,
2865,agresión,n,4.14,wider,
2866,alba,n,4.14,wider,
2867,artificial,adj,4.14,wider,
2868,barba,n,4.14,wider,
2869,cabrón,adj n,4.14,wider,
2870,civilización,n,4.14,wider,
2871,colocar,vblex,4.14,wider,
2872,consejero,n,4.14,wider,
2873,contraste,n,4.14,wider,
2874,convencer,vblex,4.14,wider,
2875,correctamente,adv,4.14,wider,
2876,coste,n,4.14,wider,
2877,creencia,n,4.14,wider,
2878,cuero,n,4.14,wider,
2879,devolver,vblex,4.14,wider,
2880,diana,n,4.14,wider,
2881,dimensión,n,4.14,wider,
2882,dirigente,adj n,4.14,wider,
2883,disminución,n,4.14,wider,
2884,diversión,n,4.14,wider,
2885,escalera,n,4.14,wider,
2886,escasez,n,4.14,wider,
2887,escritorio,n,4.14,wider,
2888,especialista,adj n,4.14,wider,
2889,eterno,adj,4.14,wider,
2890,extraordinario,adj,4.14,wider,
2891,fallecido,adj n,4.14,wider,
2892,grabado,adj n,4.14,wider,
2893,harto,adj adv,4.14,wider,
2894,implementación,n,4.14,wider,
2895,impunidad,n,4.14,wider,
2896,laguna,n,4.14,wider,
2897,lamentable,adj,4.14,wider,
2898,marcar,vblex,4.14,wider,
2899,marqués,n,4.14,wider,
2900,navarro,adj n,4.14,wider,
2901,novedad,n,4.14,wider,
2902,obligatorio,adj,4.14,wider,
2903,pelotudo,adj n,4.14,wider,
2904,piedad,n,4.14,wider,
2905,press,n,4.14,wider,
2906,prestar,vblex,4.14,wider,
2907,prohibición,n,4.14,wider,
2908,reconstrucción,n,4.14,wider,
2909,reunir,vblex,4.14,wider,
2910,sed,n,4.14,wider,check: commoner as a form of ser
2911,sexta,n,4.14,wider,
2912,significativo,adj,4.14,wider,
2913,sobra,n,4.14,wider,
2914,solitario,adj n,4.14,wider,
2915,tecnológico,adj,4.14,wider,
2916,tigre,n,4.14,wider,
2917,trinidad,n,4.14,wider,
2918,urgencia,n,4.14,wider,
2919,vendedor,n,4.14,wider,
2920,aguantar,vblex,4.13,wider,
2921,ahorrar,vblex,4.13,wider,
2922,alza,n,4.13,wider,
2923,autora,n,4.13,wider,
2924,beca,n,4.13,wider,
2925,borrar,vblex,4.13,wider,
2926,can,n,4.13,wider,
2927,cardenal,n,4.13,wider,
2928,cima,n,4.13,wider,
2929,conservar,vblex,4.13,wider,
2930,contribución,n,4.13,wider,
2931,delgado,adj,4.13,wider,
2932,demonio,n,4.13,wider,
2933,descenso,n,4.13,wider,
2934,dictador,n,4.13,wider,
2935,doctrina,n,4.13,wider,
2936,eficacia,n,4.13,wider,
2937,elegante,adj,4.13,wider,
2938,escoger,vblex,4.13,wider,
2939,estómago,n,4.13,wider,
2940,expedición,n,4.13,wider,
2941,explotar,vblex,4.13,wider,
2942,fantasma,n,4.13,wider,
2943,harina,n,4.13,wider,
2944,ingresar,vblex,4.13,wider,
2945,lavado,n,4.13,wider,
2946,lesión,n,4.13,wider,
2947,mami,n,4.13,wider,
2948,mediodía,n,4.13,wider,
2949,molesto,adj,4.13,wider,
2950,mono,adj n,4.13,wider,
2951,norteamericano,adj n,4.13,wider,
2952,oso,n,4.13,wider,
2953,pene,n,4.13,wider,
2954,pibe,n,4.13,wider,
2955,plus,n,4.13,wider,
2956,prisa,n,4.13,wider,
2957,productividad,n,4.13,wider,
2958,quemar,vblex,4.13,wider,
2959,reparto,n,4.13,wider,
2960,satisfacer,vblex,4.13,wider,
2961,sincero,adj,4.13,wider,
2962,sopa,n,4.13,wider,
2963,tapa,n,4.13,wider,
2964,tortura,n,4.13,wider,
2965,transmitir,vblex,4.13,wider,
2966,trono,n,4.13,wider,
2967,vera,n,4.13,wider,
2968,aliento,n,4.12,wider,
2969,ave,ij n,4.12,wider,
2970,averiguar,vblex,4.12,wider,
2971,certeza,n,4.12,wider,
2972,claridad,n,4.12,wider,
2973,colaborar,vblex,4.12,wider,
2974,coma,n,4.12,wider,check: commoner as a form of comer
2975,compuesta,n,4.12,wider,
2976,corrupto,adj,4.12,wider,
2977,creatividad,n,4.12,wider,
2978,cuartel,n,4.12,wider,
2979,custodia,n,4.12,wider,
2980,encargo,n,4.12,wider,
2981,evaluar,vblex,4.12,wider,
2982,expediente,n,4.12,wider,
2983,exportación,n,4.12,wider,
2984,fortalecer,vblex,4.12,wider,
2985,gobernar,vblex,4.12,wider,
2986,guapo,adj n,4.12,wider,
2987,hidalgo,adj n,4.12,wider,
2988,jugo,n,4.12,wider,
2989,lamento,n,4.12,wider,
2990,like,n,4.12,wider,
2991,lisa,n,4.12,wider,
2992,maquinaria,n,4.12,wider,
2993,masculino,adj,4.12,wider,
2994,minoría,n,4.12,wider,
2995,motivación,n,4.12,wider,
2996,muera,n,4.12,wider,check: commoner as a form of morir
2997,navegación,n,4.12,wider,
2998,parto,adj n,4.12,wider,check: commoner as a form of partir
2999,portavoz,n,4.12,wider,
